contig_id,class,family
Salmonella~phage~BSP101,0,0
Salmonella~phage~SP1,0,0
Escherichia~phage~FEC14,0,0
Salmonella~phage~Mutine,0,0
Escherichia~phage~EP75,0,0
Salmonella~phage~S118,0,0
Salmonella~phage~SenASZ3,0,0
Salmonella~phage~SenALZ1,0,0
Shigella~phage~MK-13,0,0
Salmonella~phage~SS9,0,0
Klebsiella~phage~Magnus,0,0
Klebsiella~virus~UPM~2146,0,0
Salmonella~phage~rabagast,0,0
Salmonella~phage~heyday,0,0
Salmonella~phage~allotria,0,0
Salmonella~phage~bering,0,0
Salmonella~phage~aagejoakim,0,0
Salmonella~phage~dinky,0,0
Salmonella~phage~barely,0,0
Salmonella~phage~moki,0,0
Salmonella~phage~pertopsoe,0,0
Salmonella~phage~maane,0,0
Salmonella~phage~P46FS4,0,0
Salmonella~phage~SE14,0,0
Aeromonas~phage~phiA8-29,0,0
Erwinia~phage~vB_EamM-Bue1,0,0
Vibrio~phage~YC,0,0
Serratia~phage~vB_SmaA_3M,0,0
Stenotrophomonas~phage~YB07,0,0
Vibrio~phage~VAP7,0,0
Stenotrophomonas~phage~Moby,0,0
Stenotrophomonas~phage~Mendera,0,0
Vibrio~phage~vB_VchM_Kuja,0,0
Klebsiella~phage~May,0,0
Klebsiella~phage~Menlow,0,0
Klebsiella~virus~vB_KpnM_KpS110,0,0
Escherichia~phage~vB_EcoM_KWBSE43-6,0,0
Salmonella~phage~GG32,0,0
Salmonella~phage~38,0,0
Sinorhizobium~phage~phiM9,0,0
Erwinia~phage~phiEa2809,0,0
Salmonella~phage~Det7,0,0
Rhizobium~phage~vB_RleM_P10VF,0,0
Dickeya~phage~RC-2014,0,0
Serratia~phage~phiMAM1,0,0
Salmonella~phage~SKML-39,0,0
Escherichia~phage~PhaxI,0,0
Salmonella~phage~SFP10,0,0
Ralstonia~phage~phiITL-1,1,1
Yersinia~phage~phiYe-F10,1,1
Escherichia~phage~ECA2,1,1
Serratia~phage~SM9-3Y,1,1
Pectobacterium~phage~PP74,1,1
Escherichia~phage~vB_EcoP_F,1,1
Escherichia~phage~vB_EcoP_K,1,1
Escherichia~phage~ST31,1,1
Pasteurella~phage~PHB02,1,1
Pasteurella~phage~PHB01,1,1
Leclercia~phage~10164-302,1,1
Serratia~phage~2050H2,1,1
Enterobacteria~phage~T3,1,1
Enterobacteria~phage~T7M,1,1
Pseudomonas~phage~UNO-SLW1,1,1
Pseudomonas~virus~Pf1~ERZ-2017,1,1
Escherichia~phage~EG1,1,1
Escherichia~phage~HZ2R8,1,1
Escherichia~phage~YZ1,1,1
Yersinia~phage~YpP-Y,1,1
Yersinia~phage~YpsP-G,1,1
Escherichia~phage~Ebrios,1,1
Dickeya~phage~Ninurta,1,1
Ralstonia~phage~RPSC1,1,1
Escherichia~phage~vB_EcoP_S523,1,1
Escherichia~phage~SRT7,1,1
Salmonella~phage~3A_8767,1,1
Klebsiella~phage~vB_KpnP_IME321,1,1
Escherichia~virus~Vec13,1,1
Escherichia~phage~LL2,1,1
Escherichia~phage~N30,1,1
Escherichia~phage~C5,1,1
Enterobacteria~phage~vB_EcoP_IME390,1,1
Salmonella~phage~BSP161,1,1
Yersinia~phage~PYPS50,1,1
Aeromonas~phage~ZPAH7,1,1
Escherichia~phage~vB_EcoP-Ro45lw,1,1
Cronobacter~phage~GW1,1,1
Phage~NC-A,1,1
Escherichia~phage~HZP2,1,1
Acinetobacter~phage~vB_AbaP_D2,1,1
Salmonella~phage~BP12A,1,1
Citrobacter~phage~SH4,1,1
Citrobacter~phage~SH1,1,1
Citrobacter~phage~SH2,1,1
Escherichia~phage~64795_ec1,1,1
Morganella~phage~vB_MmoP_MP2,1,1
Citrobacter~phage~SH3,1,1
Enterobacter~phage~E-2,1,1
Enterobacter~phage~phiEap-1,1,1
Enterobacter~phage~E-3,1,1
Citrobacter~phage~phiCFP-1,1,1
Yersinia~phage~vB_YenP_AP10,1,1
Delftia~phage~IME-DE1,1,1
Escherichia~phage~CICC~80001,1,1
Pseudomonas~phage~Pf-10,1,1
Yersinia~phage~vB_YenP_AP5,1,1
Escherichia~phage~PE3-1,1,1
Yersinia~phage~Yep-phi,1,1
Erwinia~phage~FE44,1,1
Acinetobacter~phage~AB3,1,1
Pelagibacter~phage~HTVC011P,1,1
Erwinia~phage~vB_EamP-L1,1,1
Stenotrophomonas~phage~IME15,1,1
Enterobacteria~phage~285P,1,1
Pseudomonas~phage~phi15,1,1
Vibrio~phage~ICP3,1,1
Vibrio~phage~N4,1,1
Kluyvera~phage~Kvp1,1,1
Morganella~phage~MmP1,1,1
Yersinia~phage~Yepe2,1,1
Enterobacteria~phage~BA14,1,1
Enterobacteria~phage~EcoDS1,1,1
Enterobacteria~phage~13a,1,1
Salmonella~phage~phiSG-JL2,1,1
Yersinia~phage~Berlin,1,1
Enterobacteria~phage~K1F,1,1
Vibriophage~VP4,1,1
Enterobacteria~phage~T3,1,1
Yersinia~phage~phiYeO3-12,1,1
Vibrio~phage~AS51,2,1
Pseudomonas~phage~phiPsa17,2,1
Klebsiella~phage~vB_KpnP_IME205,2,1
Klebsiella~phage~vB_KpnP_KpV763,2,1
Klebsiella~phage~vB_KpnP_KpV767,2,1
Klebsiella~phage~vB_KpnP_KpV766,2,1
Escherichia~phage~ZG49,2,1
Pectobacterium~phage~PP2,2,1
Klebsiella~phage~vB_KpnP_PRA33,2,1
Klebsiella~phage~vB_KpnP_BIS33,2,1
Klebsiella~phage~vB_KpnP_IL33,2,1
Klebsiella~phage~KPV811,2,1
Pectobacterium~phage~PP81,2,1
Klebsiella~phage~K5-2,2,1
Klebsiella~phage~K5-4,2,1
Pectobacterium~phage~PP47,2,1
Ralstonia~phage~RS-PII-1,2,1
Yersinia~phage~fHe-Yen3-01,2,1
Pseudomonas~virus~WRT,2,1
Pseudomonas~virus~KNP,2,1
Klebsiella~phage~2044-307w,2,1
Pseudomonas~phage~phiNFS,2,1
Aeromonas~phage~CF7,2,1
Aeromonas~phage~Ahp1,2,1
Pectobacterium~phage~DU_PP_II,2,1
Ralstonia~phage~DU_RP_I,2,1
Escherichia~phage~PGT2,2,1
Klebsiella~phage~SH-Kp~152410,2,1
Pseudomonas~phage~Henninger,2,1
Ralstonia~phage~RsoP1IDN,2,1
Salmonella~phage~vB_SpuP_Spp16,2,1
Ralstonia~phage~RsoP1EGY,2,1
Dickeya~phage~Dagda,2,1
Pectobacterium~phage~Jarilo,2,1
Pseudomonas~phage~22PfluR64PP,2,1
Aeromonas~phage~25AhydR2PP,2,1
Pseudomonas~phage~vB_PaeP_PAO1_1-15pyo,2,1
Pseudomonas~phage~PspYZU08,2,1
Pseudomonas~phage~PFP1,2,1
Shigella~phage~SFPH2,2,1
Dickeya~phage~vB_DsoP_JA10,2,1
Curvibacter~phage~P26059B,2,1
Dickeya~phage~Katbat,2,1
Dickeya~phage~Luksen,2,1
Dickeya~phage~Mysterion,2,1
Pectobacterium~phage~Nobby,2,1
Escherichia~phage~IMM-002,2,1
Acinetobacter~phage~vB_AbaP_46-62_Aci07,2,1
Acinetobacter~phage~vB_AbaP_B09_Aci08,2,1
Pectobacterium~phage~Arno160,2,1
Klebsiella~phage~kpssk3,2,1
Klebsiella~phage~Henu1,2,1
Acinetobacter~phage~AbKT21phiIII,2,1
Klebsiella~phage~Pharr,2,1
Escherichia~phage~Lidtsur,2,1
Shigella~phage~VB_Ship_A7,2,1
Pseudomonas~phage~VSW-3,2,1
Acinetobacter~phage~SH-Ab~15519,2,1
Aquamicrobium~phage~P14,2,1
Acinetobacter~phage~vB_AbaP_AS12,2,1
Acinetobacter~phage~vB_AbaP_AS11,2,1
Acinetobacter~phage~WCHABP5,2,1
Acinetobacter~phage~vB_AbaP_B1,2,1
Acinetobacter~phage~vB_AbaP_B3,2,1
Acinetobacter~phage~vB_AbaP_B5,2,1
Acinetobacter~phage~vB_ApiP_P1,2,1
Acinetobacter~phage~vB_ApiP_P2,2,1
Pseudomonas~phage~PollyC,2,1
Escherichia~phage~vB_EcoP_GA2A,2,1
Pseudomonas~phage~Andromeda,2,1
Acinetobacter~phage~phiAB6,2,1
Klebsiella~phage~K5,2,1
Escherichia~phage~P483,2,1
Pseudomonas~phage~DL62,2,1
Acinetobacter~phage~Fri1,2,1
Yersinia~phage~vB_YenP_ISAO8,2,1
Escherichia~phage~P694,2,1
Klebsiella~phage~vB_KpnP_KpV289,2,1
Acinetobacter~phage~IME200,2,1
Pseudomonas~phage~PPPL-1,2,1
Acinetobacter~phage~phiAB1,2,1
Acinetobacter~phage~vB_AbaP_PD-AB9,2,1
Acinetobacter~phage~vB_AbaP_PD-6A3,2,1
Klebsiella~phage~vB_Kp1,2,1
Proteus~phage~PM16,2,1
Proteus~phage~PM~75,2,1
Vibrio~phage~phi-A318,2,1
Enterobacteria~phage~J8-65,2,1
Acinetobacter~phage~vB_AbaP_Acibel007,2,1
Pseudomonas~phage~phiPSA2,2,1
Acinetobacter~phage~Petty,2,1
Burkholderia~phage~JG068,2,1
Pseudomonas~phage~MPK6,2,1
Pseudomonas~phage~MPK7,2,1
Acinetobacter~phage~Abp1,2,1
Pseudomonas~phage~Phi-S1,2,1
Pelagibacter~phage~HTVC019P,2,1
Escherichia~phage~phiKT,2,1
Aeromonas~phage~phiAS7,2,1
Pseudomonas~phage~vB_Pae-TbilisiM32,2,1
Pseudomonas~phage~Bf7,2,1
Pseudomonas~phage~phiIBB-PF7A,2,1
Klebsiella~phage~KP32,2,1
Pseudomonas~phage~PT5,2,1
Pseudomonas~phage~PT2,2,1
Klebsiella~phage~K11,2,1
Pseudomonas~phage~LKA1,2,1
Pseudomonas~phage~phiKMV,2,1
Rhizobium~phage~RHEph01,3,1
Vibrio~phage~JSF7,3,1
Vibrio~phage~Vc1,3,1
Klebsiella~phage~phiBO1E,3,1
Dickeya~phage~BF25/12,3,1
Xanthomonas~phage~XAJ24,3,1
Phage~MedPE-SWcel-C56,3,1
Escherichia~virus~AAPEc6,3,1
Klebsiella~phage~KP-Rio/2015,3,1
Klebsiella~phage~vB_KpnP_KpV48,3,1
Ralstonia~virus~phiAp1,3,1
Pectobacterium~phage~PP99,3,1
Vibrio~phage~Vp670,3,1
Escherichia~phage~vB_EcoP_B,3,1
Escherichia~phage~vB_EcoP_C,3,1
Klebsiella~phage~vB_KpnP_KpV74,3,1
Ralstonia~phage~RS-PI-1,3,1
Marinomonas~phage~CPP1m,3,1
Alteromonas~virus~vB_AspP-H4/4,3,1
Marinomonas~phage~CB5A,3,1
Xanthomonas~phage~phi~Xc10,3,1
Agrobacterium~phage~Atu_ph02,3,1
Agrobacterium~phage~Atu_ph03,3,1
Klebsiella~phage~AltoGao,3,1
Klebsiella~phage~phiKpS2,3,1
Proteus~phage~PM~116,3,1
Caulobacter~phage~Lullwater,3,1
Rhizobium~phage~RHEph02,3,1
Rhizobium~phage~RHEph08,3,1
Rhizobium~phage~RHEph09,3,1
Escherichia~virus~mutPK1A2,3,1
Pseudomonas~phage~uligo,3,1
Escherichia~virus~VEc3,3,1
Vibrio~phage~VEN,3,1
Erwinia~phage~vB_EamP-S2,3,1
Citrobacter~phage~vB_CroP_CrRp3,3,1
Shigella~phage~SFN6B,3,1
Pseudomonas~phage~phiNV3,3,1
Klebsiella~phage~myPSH1235,3,1
Pseudomonas~phage~PAXYB1,3,1
Pseudomonas~phage~vB_PaeP_130_113,3,1
Pseudomonas~phage~Njord,3,1
Pseudomonas~phage~Nerthus,3,1
Pseudomonas~phage~Achelous,3,1
Pseudomonas~phage~Alpheus,3,1
Synechococcus~T7-like~virus~S-TIP37,3,1
Vibrio~phage~vB_VpaP_KF1,3,1
Vibrio~phage~vB_VpaP_KF2,3,1
Pectobacterium~phage~Gaspode,3,1
Pectobacterium~phage~Lelidair,3,1
Escherichia~phage~LL11,3,1
Pectobacterium~phage~Clickz,3,1
Pectobacterium~phage~Khlen,3,1
Pectobacterium~phage~Koot,3,1
Pectobacterium~phage~Phoria,3,1
Pectobacterium~phage~Zenivior,3,1
Vibrio~phage~1.204.O._10N.222.46.F12,3,1
Pseudomonas~phage~RLP,3,1
Synechococcus~phage~S-B28,3,1
Escherichia~phage~Minorna,3,1
Shigella~phage~HRP29,3,1
Synechococcus~phage~S-CBP3,3,1
Xanthomonas~phage~f20-Xaj,3,1
Xanthomonas~phage~f30-Xaj,3,1
Pectobacterium~phage~PhiM1,3,1
Pectobacterium~phage~vB_PatP_CB5,3,1
Salmonella~phage~BP12B,3,1
Pectobacterium~phage~PP16,3,1
Pectobacterium~phage~PP90,3,1
Pseudomonas~phage~YMC11/06/C171_PPU_BP,3,1
Pectobacterium~phage~Peat1,3,1
Caulobacter~phage~Percy,3,1
Klebsiella~phage~vB_KpnP_SU503,3,1
Klebsiella~phage~vB_KpnP_SU552A,3,1
Proteus~phage~vB_PmiP_Pm5460,3,1
Synechococcus~phage~S-CBP42,3,1
Enterobacter~phage~phiKDA1,3,1
Escherichia~phage~ECBP5,3,1
Pseudomonas~phage~vB_PaeP_PPA-ABTNL,3,1
Proteus~phage~PM~85,3,1
Proteus~phage~PM~93,3,1
Pseudomonas~phage~vB_PaeP_PAO1_Ab05,3,1
Lelliottia~phage~phD2B,3,1
Synechococcus~phage~S-CBP2,3,1
Synechococcus~phage~S-CBP1,3,1
Synechococcus~phage~S-CBP3,3,1
Synechococcus~phage~S-CBP4,3,1
Klebsiella~phage~F19,3,1
Xylella~phage~Paz,3,1
Xylella~phage~Prado,3,1
Enterobacteria~phage~UAB_Phi78,3,1
Pectobacterium~phage~PP1,3,1
Pantoea~phage~LIMElight,3,1
Enterobacteria~phage~vB_EcoP_ACG-C91,3,1
Cyanophage~P-SSP2,3,1
Cyanophage~9515-10a,3,1
Cyanophage~NATL1A-7,3,1
Cyanophage~NATL2A-133,3,1
Pantoea~phage~LIMEzero,3,1
Klebsiella~phage~KP34,3,1
Pseudomonas~phage~phi-2,3,1
Vibrio~phage~VP93,3,1
Pseudomonas~phage~phikF77,3,1
Ralstonia~phage~RSB1,3,1
Pseudomonas~phage~LUZ19,3,1
Pseudomonas~phage~LKD16,3,1
Erwinia~amylovora~phage~Era103,3,1
Escherichia~phage~fp01,4,2
Escherichia~phage~vB_EcoS_HdH2,4,2
Salmonella~phage~Sepoy,4,2
Salmonella~phage~vB_SenS_SB13,4,2
Salmonella~phage~SE24,4,2
Salmonella~phage~SE11,4,2
Salmonella~virus~VSe12,4,2
Salmonella~phage~Th1,4,2
Salmonella~phage~OSY-STA,4,2
Salmonella~phage~2-3,4,2
Salmonella~phage~1-29,4,2
Escherichia~virus~VEc33,4,2
Salmonella~phage~1-19,4,2
Salmonella~phage~L6jm,4,2
Phage~NBEco001,4,2
Phage~NBEco002,4,2
Phage~NBSal003,4,2
Phage~NBSal005,4,2
Salmonella~phage~oldekolle,4,2
Salmonella~phage~bombadil,4,2
Salmonella~phage~faergetype,4,2
Salmonella~phage~rokbiter,4,2
Salmonella~phage~fuchur,4,2
Salmonella~phage~bastian,4,2
Salmonella~phage~oselot,4,2
Salmonella~phage~atrejo,4,2
Enterobacteria~phage~DT571/2,4,2
Escherichia~phage~APCEc03,4,2
Escherichia~phage~phiLLS,4,2
Escherichia~phage~OSYSP,4,2
Salmonella~phage~SP01,4,2
Shigella~phage~SSP1,4,2
Vibrio~phage~JSF12,4,2
Bacteriophage~T5-like~saus132,4,2
Bacteriophage~T5-like~chee24,4,2
Pectobacterium~phage~DU_PP_V,4,2
Aeromonas~phage~AhSzq-1,4,2
Aeromonas~phage~AhSzw-1,4,2
Escherichia~phage~Gostya9,4,2
Salmonella~phage~SH9,4,2
Salmonella~phage~LVR16A,4,2
Salmonella~phage~SP3,4,2
Salmonella~phage~S113,4,2
Salmonella~phage~S114,4,2
Salmonella~phage~S116,4,2
Salmonella~phage~S126,4,2
Salmonella~phage~S131,4,2
Salmonella~phage~S132,4,2
Salmonella~phage~S133,4,2
Salmonella~phage~S147,4,2
Salmonella~phage~S124,4,2
Vibrio~phage~vB_VpS_PG07,4,2
Salmonella~phage~Sw2,4,2
Proteus~phage~Stubb,4,2
Salmonella~phage~STG2,4,2
Salmonella~phage~Seafire,4,2
Salmonella~phage~3-29,4,2
Salmonella~phage~1-23,4,2
Klebsiella~phage~vB_Kpn_IME260,4,2
Vibrio~phage~JSF10,4,2
Proteus~phage~PM135,4,2
Klebsiella~phage~Sugarland,4,2
Vibrio~phage~Ceto,4,2
Vibrio~phage~Thalassa,4,2
Salmonella~phage~100268_sal2,4,2
Salmonella~phage~118970_sal2,4,2
Shigella~phage~SHSML-45,4,2
Salmonella~phage~NR01,4,2
Salmonella~phage~Shivani,4,2
Vibrio~phage~phi~3,4,2
Vibrio~phage~pVp-1,4,2
Pectobacterium~phage~My1,4,2
Escherichia~phage~vB_EcoS_AKFV33,4,2
Shigella~phage~JK16,5,3
Escherichia~phage~tonn,5,3
Escherichia~phage~tunus,5,3
Escherichia~phage~tonnikala,5,3
Escherichia~phage~tonijn,5,3
Escherichia~phage~atuna,5,3
Shigella~virus~2019SD1,5,3
Salmonella~phage~slyngel,5,3
Escherichia~phage~vB_EcoS_G29-2,5,3
Escherichia~phage~herni,5,3
Escherichia~phage~vojen,5,3
Escherichia~phage~grams,5,3
Escherichia~phage~aaroes,5,3
Escherichia~phage~damhaus,5,3
Escherichia~phage~haarsle,5,3
Escherichia~phage~aalborv,5,3
Escherichia~phage~PGN590,5,3
Shigella~virus~Sfin-3,5,3
Klebsiella~phage~vB_KpnS_SegesCirculi,5,3
Klebsiella~phage~vB_KpnS_IMGroot,5,3
Klebsiella~phage~vB_KpnS_Domnhall,5,3
Klebsiella~phage~vB_KpnS_Call,5,3
Klebsiella~phage~vB_KpnS_Alina,5,3
Klebsiella~phage~KL,5,3
Klebsiella~phage~Sweeny,5,3
Klebsiella~phage~vB_KpnS_FZ10,5,3
Klebsiella~phage~Skenny,5,3
Klebsiella~phage~vB_KpnS_15-38_KLPPOU149,5,3
Klebsiella~phage~JY917,5,3
Klebsiella~phage~13,5,3
Klebsiella~phage~PhiKpNIH-2,5,3
Klebsiella~phage~Shelby,5,3
Klebsiella~phage~Sin4,5,3
Klebsiella~phage~KP1801,5,3
Escherichia~phage~egaa,5,3
Escherichia~phage~Henu8,5,3
Enterobacteria~phage~phiJLA23,5,3
Klebsiella~phage~vB_KpnS_KpV522,5,3
Shigella~phage~SH6,5,3
Escherichia~phage~vB_EcoS-IME253,5,3
Escherichia~phage~vB_Ecos_CEB_EC3a,5,3
Escherichia~phage~vB_EcoS_ESCO41,5,3
Citrobacter~phage~CF1~DK-2017,5,3
Klebsiella~phage~KOX1,5,3
Escherichia~phage~vB_EcoS_SH2,5,3
Klebsiella~phage~KPN~N141,5,3
Shigella~phage~Sd1,5,3
Shigella~phage~Sf12,5,3
Klebsiella~phage~MezzoGao,5,3
Shigella~phage~vB_SflS-ISF001,5,3
Escherichia~phage~DTL,5,3
Salmonella~phage~YSP2,5,3
Klebsiella~virus~GML-KpCol1,5,3
Salmonella~phage~vB_SenS_PHB07,5,3
Enterobacteria~phage~vB_EcoS_IME18,5,3
Enterobacteria~phage~vB_EcoS_IME347,5,3
Escherichia~phage~LL5,5,3
Escherichia~phage~Eco_BIFF,5,3
Shigella~phage~Sfin-1,5,3
Klebsiella~phage~NJS1,5,3
Klebsiella~phage~TAH8,5,3
Klebsiella~phage~NJS2,5,3
Klebsiella~phage~NJR15,5,3
Citrobacter~phage~Sazh,5,3
Cronobacter~phage~CS01,5,3
Klebsiella~phage~TSK1,5,3
Escherichia~phage~vB_EcoS-95,5,3
Pantoea~phage~vB_PagS_AAS23,5,3
Klebsiella~phage~KpKT21phi1,5,3
Shigella~phage~vB_SsoS_008,5,3
Klebsiella~phage~GH-K3,5,3
Enterobacteria~phage~vB_EcoS_IME542,5,3
Escherichia~phage~JMPW2,5,3
Escherichia~phage~JMPW1,5,3
Shigella~phage~vB_SsoS-ISF002,5,3
Escherichia~phage~SRT8,5,3
Escherichia~phage~C119,5,3
Enterobacter~phage~Ec_L1,5,3
Salmonella~phage~phSE-2,5,3
Enterobacteria~phage~vB_EcoS_NBD2,5,3
Klebsiella~phage~PKP126,5,3
Salmonella~phage~36,5,3
Klebsiella~phage~KP36,5,3
Klebsiella~phage~KLPN1,5,3
Klebsiella~phage~Sushi,5,3
Klebsiella~phage~1513,5,3
Citrobacter~virus~Stevie,5,3
Shigella~phage~pSf-2,5,3
Escherichia~phage~e4/1c,5,3
Shigella~phage~pSf-1,5,3
Enterobacteria~phage~vB_EcoS_Rogue1,5,3
Escherichia~phage~ADB-2,5,3
Brochothrix~phage~A9,6,4
Enterococcus~phage~EFLK1,6,4
Staphylococcus~phage~vB_SauM_Romulus,6,4
Listeria~phage~List-36,6,4
Listeria~phage~LMTA-148,6,4
Listeria~phage~LP-048,6,4
Listeria~phage~vB_LmoM_AG20,6,4
Staphylococcus~phage~Stau2,6,4
Listeria~phage~WIL-1,6,4
Staphylococcus~phage~vB_SauM_Remus,6,4
Listeria~phage~LP-064,6,4
Listeria~phage~LP-125,6,4
Listeria~phage~LP-124,6,4
Listeria~phage~LP-083-2,6,4
Lactobacillus~phage~521B,6,4
Listeria~phage~LMTA-94,6,4
Listeria~phage~LMTA-57,6,4
Lactobacillus~phage~SAC12B,6,4
Staphylococcus~phage~SA5,6,4
Bacillus~phage~JL,6,4
Lactobacillus~phage~Iacchus,6,4
Listeria~phage~LMSP-25,6,4
Bacillus~phage~CP-51,6,4
Bacillus~phage~Shanette,6,4
Lactobacillus~phage~Semele,6,4
Staphylococcus~phage~vB_SscM-1,6,4
Staphylococcus~phage~IME-SA118,6,4
Staphylococcus~phage~phiIBB-SEP1,6,4
Staphylococcus~phage~IME-SA1,6,4
Lactobacillus~phage~Bromius,6,4
Staphylococcus~phage~P108,6,4
Lactobacillus~phage~3-521,6,4
Staphylococcus~phage~Team1,6,4
Staphylococcus~phage~IME-SA2,6,4
Staphylococcus~phage~phiIPLA-C1C,6,4
Staphylococcus~phage~A3R,6,4
Staphylococcus~phage~IME-SA119,6,4
Lactobacillus~phage~Bacchae,6,4
Staphylococcus~phage~JD007,6,4
Staphylococcus~phage~MCE-2014,6,4
Staphylococcus~phage~812,6,4
Staphylococcus~phage~phiIPLA-RODI,6,4
Lactobacillus~phage~Lpa804,6,4
Staphylococcus~phage~phiSA_BS1,6,4
Lactobacillus~phage~LpeD,6,4
Enterococcus~phage~ECP3,6,4
Staphylococcus~phage~A5W,6,4
Staphylococcus~phage~Staph1N,6,4
Bacillus~phage~CampHawk,6,4
Enterococcus~phage~EFDG1,6,4
Staphylococcus~phage~P4W,6,4
Staphylococcus~phage~MSA6,6,4
Staphylococcus~phage~Fi200W,6,4
Staphylococcus~phage~676Z,6,4
Staphylococcus~phage~phiSA_BS2,6,4
Bacillus~phage~phiAGATE,6,4
Bacillus~phage~Bp8p-C,6,4
Bacillus~phage~Bp8p-T,6,4
Enterococcus~phage~EfV12-phi1,6,4
Bacillus~phage~Bcp1,6,4
Bacillus~phage~BSP38,6,4
Bacillus~phage~Bastille,6,4
Bacillus~phage~BCU4,6,4
Enterococcus~phage~EFP01,6,4
Bacillus~phage~BCP78,6,4
Bacillus~phage~vB_BsuM-Goe3,6,4
Bacillus~phage~Grass,6,4
Bacillus~phage~W.Ph.,6,4
Bacillus~phage~Deep~Blue,6,4
Bacillus~phage~Hakuna,6,4
Bacillus~phage~BPS13,6,4
Bacillus~phage~Megatron,6,4
Bacillus~phage~BCP8-2,6,4
Bacillus~phage~JBP901,6,4
Bacillus~phage~BPS10C,6,4
Bacillus~phage~Evoli,6,4
Bacillus~phage~Hoody~T,6,4
Bacillus~phage~Bobb,6,4
Bacillus~phage~CAM003,6,4
Bacillus~phage~SalinJah,6,4
Bacillus~phage~Moonbeam,6,4
Bacillus~phage~DIGNKC,6,4
Bacillus~phage~vB_BmeM-Goe8,6,4
Bacillus~phage~NotTheCreek,6,4
Bacillus~phage~Kida,6,4
Bacillus~phage~Eyuki,6,4
Bacillus~phage~Belinda,6,4
Bacillus~phage~SageFayge,6,4
Bacillus~phage~Nemo,6,4
Bacillus~phage~DirtyBetty,6,4
Bacillus~phage~TsarBomba,6,4
Bacillus~phage~B4,6,4
Bacillus~phage~B5S,6,4
Bacillus~phage~Riley,6,4
Bacillus~phage~Troll,6,4
Bacillus~phage~Nigalana,6,4
Bacillus~phage~Zuko,6,4
Bacillus~phage~Spock,6,4
Bacillus~phage~Mater,6,4
Bacillus~phage~Phrodo,6,4
Bacillus~virus~BM15,6,4
Bacillus~phage~BigBertha,6,4
Bacillus~phage~Eldridge,6,4
Bacillus~phage~AvesoBmore,6,4
Enterobacter~phage~phiT5282H,7,5
Ralstonia~phage~RsoM1USA,7,5
Klebsiella~phage~ST437-OXA245phi4.1,7,5
Klebsiella~phage~ST437-OXA245phi4.2,7,5
Klebsiella~phage~ST16-OXA48phi5.4,7,5
Klebsiella~phage~ST147-VIM1phi7.1,7,5
Klebsiella~phage~ST512-KPC3phi13.2,7,5
Klebsiella~phage~ST13-OXA48phi12.1,7,5
Klebsiella~phage~ST15-OXA48phi14.1,7,5
Escherichia~phage~vB_EcoM-12474III,7,5
Salmonella~phage~SW9,7,5
Salmonella~phage~SI7,7,5
Bacteriophage~R18C,7,5
Vibrio~phage~vB_ValM-yong1,7,5
Clostridium~phage~phiCDHM14,7,5
Flavobacterium~phage~vB_FspM_lotta8-1,7,5
Flavobacterium~phage~vB_FspM_pippi8-1,7,5
Mannheimia~phage~vB_MhM_1127AP1,7,5
Burkholderia~phage~vB_BceM_AP3,7,5
Salmonella~phage~SEN8,7,5
Salinivibrio~phage~SMHB1,7,5
Pseudoalteromonas~phage~C5a,7,5
Klebsiella~phage~3~LV-2017,7,5
Klebsiella~phage~4~LV-2017,7,5
Erwinia~phage~EtG,7,5
Cronobacter~phage~ESSI-2,7,5
Faecalibacterium~phage~FP_Mushu,7,5
Vibrio~phage~1.202.O._10N.222.45.E8,7,5
Pseudomonas~phage~Dobby,7,5
Pseudomonas~phage~phi3,7,5
Clostridium~phage~phiCT19406B,7,5
Clostridium~phage~phiCTC2B,7,5
Lactobacillus~phage~phi~jlb1,7,5
Mannheimia~phage~vB_MhM_3927AP2,7,5
Clostridium~phage~phiCD506,7,5
Escherichia~phage~pro147,7,5
Mannheimia~phage~vB_MhM_587AP1,7,5
Escherichia~phage~pro483,7,5
Clostridium~phage~phiCD481-1,7,5
Salmonella~phage~SEN1,7,5
Clostridium~phage~phiCT453B,7,5
Salmonella~phage~SEN4,7,5
Salmonella~phage~SEN5,7,5
Enterobacteria~phage~SfI,7,5
Enterobacteria~phage~P88,7,5
Stenotrophomonas~phage~Smp131,7,5
Vibrio~phage~VPUSM~8,7,5
Shigella~phage~SfIV,7,5
Enterobacteria~phage~fiAA91-ss,7,5
Salmonella~phage~FSL~SP-004,7,5
Burkholderia~phage~ST79,7,5
Erwinia~phage~ENT90,7,5
Haemophilus~phage~SuMu,7,5
Salmonella~phage~RE-2010,7,5
Clostridium~phage~phiMMP04,7,5
Bdellovibrio~phage~phi1402,7,5
Burkholderia~phage~KS5,7,5
Burkholderia~phage~KS14,7,5
Escherichia~phage~D108,7,5
Burkholderia~phage~KS10,7,5
Bacillus~virus~1,7,5
Geobacillus~phage~GBSV1,7,5
Lactobacillus~phage~KC5a,7,5
Escherichia~phage~Wphi,7,5
Enterobacteria~phage~SfV,7,5
Escherichia~phage~186,7,5
Arthrobacter~phage~Zartrosa,8,5
Arthrobacter~phage~Abba,8,5
Clostridium~phage~CDKM9,8,5
Clostridium~phage~CDKM15,8,5
Salmonella~phage~UPF_BP2,8,5
Aeribacillus~phage~AP45,8,5
Leptospira~phage~LE3,8,5
Leptospira~phage~LE4,8,5
Bacillus~phage~vB_BboS-125,8,5
Salmonella~phage~SE13,8,5
Salmonella~phage~SE4,8,5
Pantoea~phage~vB_PagM_AAM37,8,5
Pantoea~phage~vB_PagM_PSKM,8,5
Proteus~phage~Myduc,8,5
Salmonella~phage~yarpen,8,5
Salmonella~phage~birk,8,5
Faecalibacterium~phage~FP_Epona,8,5
Faecalibacterium~phage~FP_Lagaffe,8,5
Faecalibacterium~phage~FP_Taranis,8,5
Faecalibacterium~phage~FP_Toutatis,8,5
Lactobacillus~phage~Lb,8,5
Salmonella~phage~ZCSE2,8,5
Flavobacterium~phage~FCV-1,8,5
Acinetobacter~phage~IME-AB2,8,5
Klebsiella~phage~vB_KpnM_KpV52,8,5
Rhizobium~phage~RHEph04,8,5
Acinetobacter~phage~WCHABP12,8,5
Escherichia~phage~vB_EcoM_ECOO78,8,5
Arthrobacter~phage~Brent,8,5
Arthrobacter~phage~Jawnski,8,5
Arthrobacter~phage~Martha,8,5
Arthrobacter~phage~Sonny,8,5
Acinetobacter~phage~WCHABP1,8,5
Brevibacillus~phage~Jimmer2,8,5
Acinetobacter~phage~AbP2,8,5
Arthrobacter~phage~Beans,8,5
Arthrobacter~phage~Piccoletto,8,5
Arthrobacter~phage~Shade,8,5
Acinetobacter~phage~AB1,8,5
Klebsiella~phage~vB_KpnM_KpV79,8,5
Salmonella~phage~BP63,8,5
Arthrobacter~phage~BarretLemon,8,5
Enterobacter~phage~Arya,8,5
Acinetobacter~phage~LZ35,8,5
Brevibacillus~phage~Jimmer1,8,5
Salmonella~phage~21,8,5
Clostridium~phage~phiCD505,8,5
Acinetobacter~phage~YMC11/12/R2315,8,5
Clostridium~phage~phiMMP01,8,5
Clostridium~phage~phiMMP03,8,5
Brevibacillus~phage~Osiris,8,5
Clostridium~phage~phiCT453A,8,5
Acinetobacter~phage~phiAC-1,8,5
Clostridium~phage~phiCDHM19,8,5
Clostridium~phage~phiCT9441A,8,5
Brevibacillus~phage~Abouo,8,5
Salmonella~phage~SEN34,8,5
Escherichia~phage~vB_EcoM_ECO1230-10,8,5
Lactobacillus~phage~LBR48,8,5
Rhizobium~phage~RHEph06,8,5
Flavobacterium~phage~FCL-2,8,5
Rhizobium~phage~vB_RleM_PPF1,8,5
Escherichia~phage~vB_EcoM-ep3,8,5
Shewanella~sp.~phage~1/41,8,5
Acinetobacter~phage~YMC-13-01-C62,8,5
Vibrio~phage~X29,8,5
Brevibacillus~phage~Davies,8,5
Shigella~phage~SfII,8,5
Edwardsiella~phage~PEi21,8,5
Klebsiella~phage~JD001,8,5
Tetrasphaera~phage~TJE1,8,5
Vibrio~phage~vB_VpaM_MAR,8,5
Vibrio~phage~vB_VchM-138,8,5
Pectobacterium~phage~ZF40,8,5
Bdellovibrio~phage~phi1422,8,5
Aeromonas~phage~vB_AsaM-56,8,5
Deep-sea~thermophilic~phage~D6E,8,5
Vibrio~phage~CP-T1,8,5
Clostridium~phage~phiMMP02,8,5
Xanthomonas~phage~vB_XveM_DIBBI,8,5
Burkholderia~phage~KL3,8,5
Erwinia~phage~phiEt88,8,5
Aggregatibacter~phage~S1249,8,5
Listeria~phage~B054,8,5
Vibrio~phage~VHML,8,5
Salmonella~phage~ST64B,8,5
Natrialba~phage~PhiCh1,8,5
Enterobacteria~phage~phiP27,8,5
Pseudomonas~phage~datas,9,5
Pseudomonas~phage~Epa14,9,5
Pseudomonas~phage~Epa7,9,5
Pseudomonas~phage~Epa13,9,5
Pseudomonas~virus~Pa193,9,5
Pseudomonas~phage~vB_PaeM_USP_1,9,5
Pseudomonas~phage~antinowhere,9,5
Pseudomonas~phage~crassa,9,5
Arthrobacter~phage~KBurrousTX,9,5
Arthrobacter~phage~Lymara,9,5
Arthrobacter~phage~DrYang,9,5
Pseudomonas~phage~BrSP1,9,5
Pseudomonas~phage~SL1,9,5
Pseudomonas~phage~vB_PaeM_LS1,9,5
Pseudomonas~phage~EPa61,9,5
Pseudomonas~phage~vB_PaeM_SCUT-S1,9,5
Pantoea~phage~vB_PagM_LIET2,9,5
Serratia~phage~MTx,9,5
Panteoa~phage~Kyle,9,5
Serratia~phage~MyoSmar,9,5
Pseudomonas~virus~PA8P1,9,5
Faecalibacterium~phage~FP_Brigit,9,5
Xanthomonas~phage~Carpasina,9,5
Escherichia~phage~FEC19,9,5
Xanthomonas~virus~XcP1,9,5
Rheinheimera~phage~vB_RspM_Barba5S,9,5
Rheinheimera~phage~vB_RspM_Barba8S,9,5
Rheinheimera~phage~vB_RspM_Barba18A,9,5
Rheinheimera~phage~vB_RspM_Barba19A,9,5
Rheinheimera~phage~vB_RspM_Barba21A,9,5
Escherichia~phage~vB_EcoM_WFH,9,5
Escherichia~phage~vB_EcoM_WFC,9,5
Pseudomonas~phage~phiKTN6,9,5
Pseudomonas~phage~vB_PaeM_CEB_DP1,9,5
Pseudomonas~phage~PA5,9,5
Salmonella~phage~Si3,9,5
Salmonella~phage~Mushroom,9,5
Pseudomonas~phage~vB_PaeM_G1,9,5
Citrobacter~phage~Mordin,9,5
Arthrobacter~phage~Colucci,9,5
Shigella~phage~Sf13,9,5
Arthrobacter~phage~PrincessTrina,9,5
Shigella~phage~Sf14,9,5
Pseudomonas~phage~vB_PaeM_E217,9,5
Pseudomonas~phage~vB_PaeM_E215,9,5
Pseudomonas~phage~tabernarius,9,5
Salmonella~phage~BPS17L1,9,5
Salmonella~phage~BPS17W1,9,5
Salmonella~phage~BPS15Q2,9,5
Salmonella~phage~118970_sal3,9,5
Escherichia~phage~vB_EcoM_Alf5,9,5
Gordonia~phage~GMA6,9,5
Pseudomonas~phage~DL60,9,5
Escherichia~phage~vB_EcoM_AYO145A,9,5
Escherichia~phage~HY02,9,5
Pseudomonas~phage~vB_PaeM_PS24,9,5
Escherichia~phage~SUSP2,9,5
Pseudomonas~phage~vB_Pae_PS44,9,5
Pseudomonas~phage~DL68,9,5
Escherichia~phage~JH2,9,5
Citrobacter~phage~Michonne,9,5
Salmonella~phage~vB_SPuM_SP116,9,5
Escherichia~phage~vB_EcoM-VpaE1,9,5
Enterobacteriaphage~UAB_Phi87,9,5
Escherichia~phage~EC6,9,5
Citrobacter~phage~Moogle,9,5
Pseudomonas~phage~vB_PaeM_PAO1_Ab27,9,5
Pseudomonas~phage~vB_PaeM_PAO1_Ab03,9,5
Arthrobacter~phage~vB_ArtM-ArV1,9,5
Escherichia~phage~ECML-117,9,5
Pseudomonas~phage~PAK_P5,9,5
Pseudomonas~phage~PAK_P3,9,5
Pseudomonas~phage~CHA_P1,9,5
Halovirus~HRTV-5,9,5
Halovirus~HRTV-8,9,5
Halovirus~HRTV-7,9,5
Halovirus~HSTV-2,9,5
Agrobacterium~phage~7-7-1,9,5
Pseudomonas~phage~JG024,9,5
Pseudomonas~phage~NH-4,9,5
Pseudomonas~phage~KPP10,9,5
Erwinia~phage~phiEa104,9,5
Erwinia~phage~phiEa21-4,9,5
Pseudomonas~phage~PB1,9,5
Pseudomonas~phage~SN,9,5
Pseudomonas~phage~14-1,9,5
Pseudomonas~phage~LBL3,9,5
Pseudomonas~phage~LMA2,9,5
Pseudomonas~phage~F8,9,5
Halovirus~HF1,9,5
Halorubrum~phage~HF2,9,5
Escherichia~phage~D6,10,5
Streptomyces~phage~BRock,10,5
Klebsiella~phage~vB_KpnM_BIS47,10,5
Raoultella~phage~Ro1,10,5
Proteus~phage~Mydo,10,5
Aeromonas~phage~2-L372D,10,5
Aeromonas~phage~2_L372X,10,5
Aeromonas~phage~4_L372D,10,5
Aeromonas~phage~4_L372XY,10,5
Erwinia~phage~pEp_SNUABM_01,10,5
Erwinia~phage~Hena1,10,5
Alteromonas~phage~vB_AmeM_PT11-V22,10,5
Klebsiella~virus~KpS8,10,5
Escherichia~phage~ESCO13,10,5
Escherichia~phage~ESCO5,10,5
Pseudoalteromonas~phage~SL20,10,5
Bordetella~phage~vB_BbrM_PHB04,10,5
Acinetobacter~phage~vB_AbaM_B09_Aci01-1,10,5
Acinetobacter~phage~vB_AbaM_B09_Aci02-2,10,5
Acinetobacter~phage~vB_AbaM_B09_Aci05,10,5
Synechococcus~phage~S-CBWM1,10,5
Escherichia~phage~Murica,10,5
Pseudomonas~phage~phiPMW,10,5
Campylobacter~phage~vB_CjeM_Los1,10,5
Pseudomonas~phage~PA10,10,5
Pseudomonas~phage~Zigelbrucke,10,5
Escherichia~phage~V18,10,5
Pseudomonas~phage~vB_PsyM_KIL4,10,5
Shigella~phage~Sf17,10,5
Pseudomonas~phage~vB_PaeM_C2-10_Ab02,10,5
Escherichia~phage~RCS47,10,5
Campylobacter~phage~PC14,10,5
Acinetobacter~phage~vB_AbaM_phiAbaA1,10,5
Pseudomonas~phage~vB_PaeM_MAG1,10,5
Pseudomonas~phage~phiMK,10,5
Salmonella~phage~SJ46,10,5
Pseudomonas~phage~K5,10,5
Bacillus~phage~Shbh1,10,5
Pseudomonas~phage~vB_PsyM_KIL1,10,5
Vibrio~phage~qdvp001,10,5
Salmonella~phage~19,10,5
Pseudomonas~phage~PaoP5,10,5
Pseudoalteromonas~phage~H101,10,5
Escherichia~phage~SUSP1,10,5
Pseudomonas~phage~K8,10,5
Citrobacter~phage~Michonne,10,5
Pseudomonas~phage~C11,10,5
Klebsiella~phage~vB_KpnM_KB57,10,5
Cronobacter~phage~PBES~02,10,5
Escherichia~phage~slur16,10,5
Staphylococcus~phage~SA1,10,5
Acinetobacter~phage~YMC13/03/R2096,10,5
Escherichia~phage~Av-05,10,5
Enterobacteria~phage~phi92,10,5
Shewanella~sp.~phage~1/40,10,5
Shewanella~sp.~phage~1/4,10,5
Acinetobacter~phage~vB_AbaM_Acibel004,10,5
Cronobacter~phage~CR8,10,5
Escherichia~phage~vB_EcoM_FFH2,10,5
Pseudomonas~phage~phiPsa374,10,5
Pseudomonas~phage~PAK_P2,10,5
Escherichia~phage~4MG,10,5
Pseudomonas~phage~PAK_P4,10,5
Escherichia~phage~2~JES-2013,10,5
Rhodococcus~phage~E3,10,5
Vibrio~phage~henriette~12B8,10,5
Pelagibacter~phage~HTVC008M,10,5
Escherichia~phage~phAPEC8,10,5
Pectobacterium~phage~phiTE,10,5
Pseudomonas~phage~PaP1,10,5
Bacillus~phage~BCD7,10,5
Enterobacteria~phage~vB_EcoM-FV3,10,5
Pseudomonas~phage~JG004,10,5
Cronobacter~phage~vB_CsaM_GAP31,10,5
Campylobacter~phage~CP30A,10,5
Cronobacter~phage~CR3,10,5
Pseudomonas~phage~PAK_P1,10,5
Vibrio~phage~ICP1,10,5
Rhodothermus~phage~RM378,10,5
Acinetobacter~phage~KARL-1,11,5
Acinetobacter~phage~AbTZA1,11,5
Serratia~phage~Muldoon,11,5
Acinetobacter~phage~vB_AbaP_Konradin,11,5
Acinetobacter~phage~vB_AbaP_Berthold,11,5
Acinetobacter~phage~vB_AbaP_Apostate,11,5
Acinetobacter~phage~vB_AbaP_Kimel,11,5
Acinetobacter~phage~vB_AbaP_Lazarus,11,5
Acinetobacter~phage~vB_AbaM_PhT2,11,5
Acinetobacter~phage~AM101,11,5
Klebsiella~phage~Marfa,11,5
Klebsiella~phage~ZCKP1,11,5
Escherichia~phage~vB_EcoM_Schickermooser,11,5
Escherichia~coli~O157~typing~phage~3,11,5
Escherichia~coli~O157~typing~phage~6,11,5
Pseudomonas~phage~pf16,11,5
Mycobacterium~phage~Lukilu,11,5
Escherichia~phage~ECD7,11,5
Mycobacterium~phage~Sebata,11,5
Acidovorax~phage~ACP17,11,5
Aeromonas~phage~AS-gz,11,5
Shigella~phage~Sf22,11,5
Salmonella~phage~Melville,11,5
Salmonella~phage~STML-13-1,11,5
Shigella~phage~Sf21,11,5
Shigella~phage~Sf24,11,5
Escherichia~phage~slur03,11,5
Escherichia~phage~slur04,11,5
Escherichia~phage~WG01,11,5
Escherichia~phage~MX01,11,5
Shigella~phage~SHFML-26,11,5
Morganella~phage~vB_MmoM_MP1,11,5
Salmonella~phage~vB_SnwM_CGG4-1,11,5
Mycobacterium~phage~Tonenili,11,5
Shigella~phage~SHBML-50-1,11,5
Klebsiella~phage~vB_KpnM_KpV477,11,5
Shigella~phage~SHSML-52-1,11,5
Klebsiella~phage~PKO111,11,5
Escherichia~phage~vB_EcoM-UFV13,11,5
Escherichia~phage~APCEc01,11,5
Mycobacterium~phage~Breeniome,11,5
Proteus~phage~vB_PmiM_Pm5461,11,5
Escherichia~phage~slur07,11,5
Yersinia~phage~vB_YenM_TG1,11,5
Mycobacterium~phage~HyRo,11,5
Escherichia~phage~slur02,11,5
Mycobacterium~phage~Alice,11,5
Stenotrophomonas~phage~IME13,11,5
Microcystis~phage~MaMV-DC,11,5
Klebsiella~phage~JD18,11,5
Escherichia~phage~slur14,11,5
Enterobacteria~phage~RB68,11,5
Salmonella~phage~STML-198,11,5
Escherichia~phage~HY01,11,5
Yersinia~phage~PST,11,5
Salmonella~phage~STP4-a,11,5
Shigella~phage~pSs-1,11,5
Caulobacter~phage~Cr30,11,5
Shigella~phage~Shf125875,11,5
Escherichia~phage~ECML-4,11,5
Enterobacteria~phage~RB27,11,5
Escherichia~phage~ECML-134,11,5
Escherichia~phage~vB_EcoM_PhAPEC2,11,5
Serratia~phage~PS2,11,5
Escherichia~phage~vB_EcoM_JS09,11,5
Escherichia~phage~e11/2,11,5
Salmonella~phage~Maynard,11,5
Mycobacterium~phage~Dandelion,11,5
Mycobacterium~phage~LinStu,11,5
Cronobacter~phage~CR9,11,5
Mycobacterium~phage~Nappy,11,5
Mycobacterium~phage~MoMoMixon,11,5
Mycobacterium~phage~Pleione,11,5
Salmonella~phage~Marshall,11,5
Mycobacterium~phage~Gizmo,11,5
Mycobacterium~phage~ArcherS7,11,5
Mycobacterium~phage~Astraea,11,5
Aeromonas~phage~Aes012,11,5
Enterobacteria~phage~Bp7,11,5
Enterobacteria~phage~ime09,11,5
Escherichia~phage~wV7,11,5
Cyanophage~S-TIM5,11,5
Aeromonas~phage~Aes508,11,5
Enterobacteria~phage~vB_EcoM_ACG-C40,11,5
Enterobacteria~phage~HX01,11,5
Acinetobacter~phage~ZZ1,11,5
Halocynthia~phage~JM-2012,11,5
Thermus~phage~TMA,11,5
Shigella~phage~Shfl2,11,5
Acinetobacter~phage~Ac42,11,5
Acinetobacter~phage~Acj61,11,5
Acinetobacter~phage~Acj9,11,5
Aeromonas~phage~phiAS4,11,5
Delftia~phage~PhiW-14,11,5
Mycobacterium~phage~ET08,11,5
Enterobacteria~phage~JSE,11,5
Enterobacteria~phage~RB51,11,5
Enterobacteria~phage~RB14,11,5
Mycobacterium~phage~Cali,11,5
Mycobacterium~phage~ScottMcG,11,5
Mycobacterium~phage~Spud,11,5
Mycobacterium~phage~Rizal,11,5
Mycobacterium~phage~Myrna,11,5
Thermus~phage~phiYS40,11,5
Mycobacterium~phage~Catera,11,5
Mycobacterium~phage~Bxz1,11,5
Enterobacteria~phage~T4,11,5
Cronobacter~phage~vB_CsaM_leE,12,5
Klebsiella~phage~vB_Kpn_F48,12,5
Enterobacter~phage~vB_EclM_CIP9,12,5
Cyanophage~S-TIM4,12,5
Synechococcus~phage~S-T4,12,5
Sinorhizobium~phage~phiM7,12,5
Enterobacter~phage~phiEap-3,12,5
Klebsiella~phage~Miro,12,5
Escherichia~phage~ST0,12,5
Serratia~phage~CHI14,12,5
Citrobacter~phage~CF1~ERZ-2017,12,5
Shigella~phage~SHFML-11,12,5
Escherichia~phage~UFV-AREG1,12,5
Escherichia~phage~HY03,12,5
Citrobacter~phage~vB_CfrM_CfP1,12,5
Klebsiella~phage~Matisse,12,5
Citrobacter~phage~Margaery,12,5
Cronobacter~phage~S13,12,5
Citrobacter~phage~Merlin,12,5
Pectobacterium~bacteriophage~PM2,12,5
Prochlorococcus~phage~P-TIM68,12,5
Citrobacter~phage~IME-CF2,12,5
Cyanophage~P-TIM40,12,5
Citrobacter~phage~Moon,12,5
Sinorhizobium~phage~phiM12,12,5
Citrobacter~phage~Miller,12,5
Enterobacter~phage~PG7,12,5
Synechococcus~phage~S-MbCM100,12,5
Escherichia~phage~Lw1,12,5
Synechococcus~phage~S-RIM2~R1_1999,12,5
Synechococcus~phage~S-RIM8~A.HR1,12,5
Klebsiella~phage~KP27,12,5
Synechococcus~phage~metaG-MbCM1,12,5
Cronobacter~phage~vB_CsaM_GAP161,12,5
Synechococcus~phage~S-CRM01,12,5
Synechococcus~phage~S-SM2,12,5
Prochlorococcus~phage~P-HM1,12,5
Synechococcus~phage~S-ShM2,12,5
Synechococcus~phage~S-SM1,12,5
Prochlorococcus~phage~P-RSM4,12,5
Prochlorococcus~phage~P-HM2,12,5
Prochlorococcus~phage~Syn33,12,5
Synechococcus~phage~Syn19,12,5
Prochlorococcus~phage~Syn1,12,5
Synechococcus~phage~S-SSM5,12,5
Prochlorococcus~phage~P-SSM7,12,5
Shigella~phage~SP18,12,5
Enterobacteria~phage~IME08,12,5
Klebsiella~phage~KP15,12,5
Synechococcus~phage~S-RSM4,12,5
Synechococcus~phage~syn9,12,5
Prochlorococcus~phage~P-SSM4,12,5
Synechococcus~phage~S-PM2,12,5
Burkholderia~phage~BcepSaruman,13,5
Burkholderia~phage~BcepSauron,13,5
Serratia~phage~2050HW,13,5
Aeromonas~phage~AS-zj,13,5
Aeromonas~phage~AS-sw,13,5
Vibrio~phage~2~TSL-2019,13,5
Vibrio~phage~USC-1,13,5
Serratia~phage~Moabite,13,5
Photobacterium~phage~PDCC-1,13,5
Erwinia~phage~vB_EamM_Yoloswag,13,5
Synechococcus~phage~Bellamy,13,5
Erwinia~phage~vB_EamM_Y3,13,5
Erwinia~phage~vB_EamM_Alexandra,13,5
Erwinia~phage~Wellington,13,5
Dickeya~phage~vB_DsoM_JA29,13,5
Dickeya~phage~vB_DsoM_AD1,13,5
Dickeya~phage~vB_DsoM_JA11,13,5
Escherichia~phage~vB_EcoM_Goslar,13,5
Erwinia~phage~Derbicus,13,5
Edwardsiella~virus~pEt-SU,13,5
Bacillus~virus~PBS1,13,5
Pectobacterium~phage~CBB,13,5
Acinetobacter~phage~vB_AbaM_ME3,13,5
Serratia~phage~BF,13,5
Erwinia~phage~vB_EamM_Deimos-Minion,13,5
Erwinia~phage~vB_EamM_RAY,13,5
Erwinia~phage~vB_EamM_Simmy50,13,5
Erwinia~phage~vB_EamM_Special~G,13,5
Pseudomonas~phage~Noxifer,13,5
Agrobacterium~phage~Atu_ph07,13,5
Erwinia~phage~vB_EamM_RisingSun,13,5
Pseudomonas~phage~PA7,13,5
Pseudomonas~phage~SL2,13,5
Erwinia~phage~vB_EamM_Desertfox,13,5
Vibrio~phage~Aphrodite1,13,5
Vibrio~phage~VP4B,13,5
Bacillus~phage~SP-15,13,5
Erwinia~phage~vB_EamM_EarlPhillipIV,13,5
Erwinia~phage~vB_EamM_Kwan,13,5
Bacillus~phage~AR9,13,5
Erwinia~phage~vB_EamM_Phobos,13,5
Erwinia~phage~vB_EamM_Asesino,13,5
Erwinia~phage~vB_EamM_Caitlin,13,5
Erwinia~phage~vB_EamM_ChrisDB,13,5
Erwinia~phage~vB_EamM_Huxley,13,5
Vibrio~phage~ValKK3,13,5
Sinorhizobium~phage~phiN3,13,5
Pseudomonas~phage~PhiPA3,13,5
Salmonella~phage~SPN3US,13,5
Escherichia~phage~121Q,13,5
Aeromonas~phage~PX29,13,5
Erwinia~phage~Ea35-70,13,5
Vibrio~phage~VH7D,13,5
Erwinia~phage~PhiEaH1,13,5
Pseudomonas~phage~PaBG,13,5
Vibrio~phage~nt-1,13,5
Cronobacter~phage~CR5,13,5
Sphingomonas~phage~PAU,13,5
Erwinia~phage~phiEaH2,13,5
Aeromonas~phage~CC2,13,5
Cronobacter~phage~vB_CsaM_GAP32,13,5
Pseudomonas~phage~Lu11,13,5
Pseudomonas~phage~OBP,13,5
Yersinia~phage~phiR1-37,13,5
Synechococcus~phage~S-SSM7,13,5
Aeromonas~phage~phiAS5,13,5
Pseudomonas~phage~201phi2-1,13,5
Bacillus~phage~0305phi8-36,13,5
Pseudomonas~phage~EL,13,5
Prochlorococcus~phage~P-SSM2,13,5
Vibrio~phage~KVP40,13,5
Bacillus~phage~Harambe,14,6
Bacillus~phage~BeachBum,14,6
Bacillus~phage~SerPounce,14,6
Bacillus~phage~Juan,14,6
Bacillus~phage~KonjoTrouble,14,6
Bacillus~phage~vB_BveP-Goe6,14,6
Bacillus~phage~vB_BthP-Goe4,14,6
Bacillus~phage~DK1,14,6
Bacillus~phage~DK2,14,6
Bacillus~phage~DK3,14,6
Bacillus~phage~Karezi,14,6
Bacillus~phage~vB_Bpu_PumA1,14,6
Bacillus~phage~vB_Bpu_PumA2,14,6
Bacillus~virus~SRT01hs,14,6
Bacillus~phage~Gxv1,14,6
Bacillus~phage~vB_BsuP-Goe1,14,6
Bacillus~phage~Nf,14,6
Enterococcus~phage~vB_EfaP_Zip,14,6
Enterococcus~phage~vB_EfaP_IME199,14,6
Enterococcus~phage~vB_EfaP_Ef6.2,14,6
Enterococcus~phage~vB_EfaP_Ef6.3,14,6
Enterococcus~phage~vB_EfaP_Ef7.2,14,6
Enterococcus~phage~vB_EfaP_Efmus4,14,6
Enterococcus~phage~vB_EfaP_Efmus3,14,6
Enterococcus~phage~vB_EfaP_Efmus1,14,6
Enterococcus~phage~vB_EfaP_Ef7.3,14,6
Enterococcus~phage~vB_EfaP_Ef7.4,14,6
Clostridium~phage~CPS1,14,6
Clostridium~phage~CPS2,14,6
Clostridium~phage~susfortuna,14,6
Clostridium~phage~CPD2,14,6
Arthrobacter~phage~Anjali,14,6
Arthrobacter~phage~Mendel,14,6
Bifidobacterium~phage~BadAztec1,14,6
Bifidobacterium~phage~BadAargau2,14,6
Salmonella~phage~astrithr,14,6
Staphylococcus~phage~SCH1,14,6
Staphylococcus~phage~Andhra,14,6
Staphylococcus~phage~St~134,14,6
Staphylococcus~phage~vB_SauP_phiAGO1.3,14,6
Staphylococcus~phage~Pabna,14,6
Staphylococcus~phage~CSA13,14,6
Staphylococcus~phage~SLPW,14,6
Bacillus~phage~Claudi,14,6
Bacillus~phage~Stitch,14,6
Staphylococcus~phage~BP39,14,6
Bacillus~phage~Aurora,14,6
Bacillus~phage~VMY22,14,6
Enterococcus~phage~vB_EfaP_IME195,14,6
Enterococcus~phage~vB_Efae230P-4,14,6
Staphylococcus~phage~GRCS,14,6
Bacillus~phage~MG-B1,14,6
Helicobacter~phage~1961P,14,6
Clostridium~phage~phi24R,14,6
Clostridium~phage~phiCPV4,14,6
Clostridium~phage~phiZP2,14,6
Clostridium~phage~phiCP7R,14,6
Staphylococcus~phage~S24-1,14,6
Helicobacter~phage~phiHP33,14,6
Lactococcus~phage~asccphi28,14,6
Staphylococcus~phage~SAP-2,14,6
Staphylococcus~phage~66,14,6
Lentibacter~virus~vB_LenP_ICBM2,15,6
Lentibacter~virus~vB_LenP_ICBM1,15,6
Streptomyces~phage~WRightOn,15,6
Streptomyces~phage~Manuel,15,6
Streptomyces~phage~Immanuel3,15,6
Streptomyces~phage~FlowerPower,15,6
Streptomyces~phage~JXY1,15,6
Klebsiella~phage~vB_KpnS_IME279,15,6
Salmonella~phage~UPF_BP1,15,6
Burkholderia~phage~vB_BmuP_KL4,15,6
Escherichia~phage~C130_2,15,6
Escherichia~phage~Skarpretter,15,6
Escherichia~phage~Sortsne,15,6
Pseudomonas~phage~PaP4,15,6
Arthrobacter~phage~Jasmine,15,6
Arthrobacter~phage~Adat,15,6
Pseudomonas~phage~Bjorn,15,6
Pseudomonas~phage~NV1,15,6
Pseudoalteromonas~phage~PH1,15,6
Enterobacteria~phage~UAB_Phi20,15,6
Enterobacter~phage~Tyrion,15,6
Salmonella~phage~118970_sal4,15,6
Rhodoferax~phage~P26218,15,6
Bacillus~phage~Pavlov,15,6
Pseudomonas~phage~DL54,15,6
Bacillus~phage~Palmer,15,6
Pseudomonas~phage~PhiCHU,15,6
Salmonella~phage~SEN22,15,6
Citrobacter~phage~CVT22,15,6
Sulfitobacter~phage~NYA-2014a,15,6
Bacillus~phage~Pascal,15,6
Vibrio~phage~J2,15,6
Bacillus~phage~Pookie,15,6
Vibrio~phage~QH,15,6
Enterobacteria~phage~Sf101,15,6
Vibrio~phage~phiVC8,15,6
Pseudomonas~phage~vB_PaeP_C2-10_Ab22,15,6
Anabaena~phage~A-4L,15,6
Vibrio~phage~PVA1,15,6
Pseudomonas~phage~vB_PaeP_Tr60_Ab31,15,6
Bacillus~phage~Page,15,6
Bacillus~phage~Pony,15,6
Pseudomonas~phage~phiIBB-PAA2,15,6
Cyanophage~PP,15,6
Pseudoalteromonas~phage~RIO-1,15,6
Sulfitobacter~phage~pCB2047-C,15,6
Sulfitobacter~phage~pCB2047-A,15,6
Pelagibacter~phage~HTVC010P,15,6
Vibrio~phage~VvAW1,15,6
Pseudomonas~phage~AF,15,6
Pseudomonas~phage~vB_PaeP_p2-10_Or1,15,6
Enterobacteria~phage~IME10,15,6
Salinivibrio~phage~CW02,15,6
Liberibacter~phage~SC1,15,6
Liberibacter~phage~SC2,15,6
Escherichia~phage~TL-2011b,15,6
Brucella~phage~Tb,15,6
Brucella~phage~Pr,15,6
Pseudomonas~phage~UFV-P2,15,6
Weissella~phage~phiYS61,15,6
Celeribacter~phage~P12053L,15,6
Salmonella~phage~vB_SemP_Emek,15,6
Salmonella~phage~SPN9CC,15,6
Enterococcus~phage~EF62phi,15,6
Salmonella~phage~SPN1S,15,6
Vibrio~phage~ICP2,15,6
Salmonella~phage~ST160,15,6
Xylella~phage~Xfas53,15,6
Salmonella~phage~epsilon34,15,6
Bacteriophage~APSE-2,15,6
Thalassomonas~phage~BA3,15,6
Escherichia~phage~phiV10,15,6
Pseudomonas~phage~PA11,15,6
Vibrio~phage~VP2,15,6
Pseudomonas~phage~PaP2,15,6
Vibrio~phage~VP5,15,6
Myxococcus~phage~Mx8,15,6
Escherichia~phage~Lys12581Vzw,16,6
Escherichia~phage~ArgO145,16,6
Escherichia~phage~SH2026Stx1,16,6
Stx1~converting~phage~AU5Stx1,16,6
Stx1~converting~phage~AU6Stx1,16,6
Stx~converting~phage~vB_EcoS_ST2-8624,16,6
Stx~converting~phage~vB_EcoS_P27,16,6
Vibrio~phage~VCO139,16,6
Dinoroseobacter~phage~DS-1410Ws-06,16,6
Roseobacter~phage~RD-1410W1-01,16,6
Vibrio~phage~JSF3,16,6
Vibrio~phage~1.026.O._10N.222.49.C7,16,6
Vibrio~phage~1.097.O._10N.286.49.B3,16,6
Ruegeria~phage~vB_RpoP-V12,16,6
Ruegeria~phage~vB_RpoP-V13,16,6
Klebsiella~phage~Pylas,16,6
Pseudomonas~phage~Zuri,16,6
Stenotrophomonas~phage~Pokken,16,6
Klebsiella~phage~KpCHEMY26,16,6
Sinorhizobium~phage~ort11,16,6
Erwinia~phage~phiEaP-8,16,6
Pseudomonas~phage~ZC03,16,6
Pseudomonas~phage~ZC08,16,6
Pectobacterium~phage~vB_PatP_CB1,16,6
Pectobacterium~phage~vB_PatP_CB4,16,6
Pectobacterium~phage~phiA41,16,6
Pseudomonas~phage~Littlefix,16,6
Klebsiella~phage~KP8,16,6
Xanthomonas~phage~RiverRider,16,6
Pectobacterium~phage~Nepra,16,6
Microbacterium~phage~Burro,16,6
Serratia~phage~Parlo,16,6
Microbacterium~phage~Akoni,16,6
Aeromonas~phage~LAh_8,16,6
Microbacterium~phage~TinyTimothy,16,6
Microbacterium~phage~Alex44,16,6
Microbacterium~phage~Araxxi,16,6
Microbacterium~phage~Arete,16,6
Proteus~phage~Privateer,16,6
Microbacterium~phage~Phedro,16,6
Pseudomonas~phage~phCDa,16,6
Vibrio~phage~1.169.O._10N.261.52.B1,16,6
Vibrio~phage~1.188.A._10N.286.51.A6,16,6
Vibrio~phage~1.224.A._10N.261.48.B1,16,6
Vibrio~phage~1.261.O._10N.286.51.A7,16,6
Escherichia~phage~vB_EcoP_PTXU04,16,6
Pseudomonas~virus~H66,16,6
Flavobacterium~phage~FpV4,16,6
Escherichia~phage~EC1-UPM,16,6
Pseudomonas~phage~PA26,16,6
Escherichia~phage~PA28,16,6
Flavobacterium~phage~Fpv3,16,6
Flavobacterium~phage~Fpv20,16,6
Flavobacterium~phage~Fpv1,16,6
Flavobacterium~phage~Fpv2,16,6
Pseudomonas~phage~O4,16,6
Erwinia~phage~vB_EamP_Frozen,16,6
Pseudomonas~phage~PEV2,16,6
Pseudomonas~phage~vB_PaeP_MAG4,16,6
Pseudomonas~phage~YH30,16,6
Shigella~phage~75/02~Stx,16,6
Vibrio~phage~phi~1,16,6
Pseudomonas~phage~DL64,16,6
Escherichia~phage~172-1,16,6
Achromobacter~phage~phiAxp-3,16,6
Enterobacteria~phage~VT2phi_272,16,6
Escherichia~phage~phi191,16,6
Shigella~phage~Ss-VASD,16,6
Escherichia~phage~PA2,16,6
Pseudomonas~phage~Pa2,16,6
Delftia~phage~RG-2014,16,6
Escherichia~phage~Pollock,16,6
Pseudomonas~phage~YH6,16,6
Shigella~phage~POCJ13,16,6
Escherichia~phage~vB_EcoP_PhAPEC5,16,6
Escherichia~phage~vB_EcoP_PhAPEC7,16,6
Vibrio~phage~ICP2_2013_A_Haiti,16,6
Dinoroseobacter~phage~DFL12phi1,16,6
Pseudomonas~phage~vB_PaeP_C2-10_Ab09,16,6
Vibrio~phage~CHOED,16,6
Achromobacter~phage~JWAlpha,16,6
Erwinia~phage~Ea9-2,16,6
Acinetobacter~phage~Presley,16,6
Shigella~phage~pSb-1,16,6
Escherichia~phage~KBNP1711,16,6
Cellulophaga~phage~phi19:3,16,6
Cellulophaga~phage~phi46:3,16,6
Cellulophaga~phage~phi18:3,16,6
Cellulophaga~phage~phi38:1,16,6
Cellulophaga~phage~phi13:2,16,6
Puniceispirillum~phage~HMO-2011,16,6
Salmonella~phage~FSL~SP-058,16,6
Salmonella~phage~FSL~SP-076,16,6
Vibrio~phage~JA-1,16,6
Erwinia~phage~vB_EamP-S6,16,6
Escherichia~phage~TL-2011c,16,6
Enterobacter~phage~EcP1,16,6
Cronobacter~phage~vB_CsaP_GAP52,16,6
Escherichia~phage~P13374,16,6
Escherichia~phage~ECBP1,16,6
Escherichia~phage~ECBP2,16,6
Erwinia~phage~PEp14,16,6
Escherichia~phage~vB_EcoP_G7C,16,6
Salmonella~phage~7-11,16,6
Pseudomonas~phage~LUZ7,16,6
Pseudomonas~phage~LIT1,16,6
Stx2-converting~phage~86,16,6
Sodalis~phage~phiSG1,16,6
Sinorhizobium~phage~PBC5,16,6
Enterobacteria~phage~VT2-Sakai,16,6
Lactococcus~phage~936~group~phage~PhiA.16,17,7
Lactococcus~phage~936~group~phage~PhiB1127,17,7
Lactococcus~phage~936~group~phage~Phi19.3,17,7
Lactococcus~phage~936~group~phage~Phi5.12,17,7
Lactococcus~phage~936~group~phage~PhiLj,17,7
Lactococcus~phage~i0139,17,7
Lactococcus~phage~13W11L,17,7
Lactococcus~phage~R31,17,7
Lactococcus~phage~16802,17,7
Lactococcus~phage~38503,17,7
Lactococcus~phage~66901,17,7
Lactococcus~phage~96401,17,7
Lactococcus~phage~96403,17,7
Lactococcus~phage~LP8511,17,7
Lactococcus~phage~LP9207,17,7
Lactococcus~phage~LP9903,17,7
Lactococcus~phage~LP9908,17,7
Lactococcus~phage~vB_Llc_bIBBF12,17,7
Lactococcus~phage~P1532,17,7
Lactococcus~phage~P656,17,7
Lactococcus~phage~CHPC362,17,7
Lactococcus~phage~CHPC52,17,7
Lactococcus~phage~CHPC781,17,7
Lactococcus~phage~CHPC959,17,7
Lactococcus~phage~CHPC964,17,7
Lactococcus~phage~CHPC965,17,7
Propionibacterium~phage~Keiki,17,7
Propionibacterium~phage~PHL082M03,17,7
Propionibacterium~phage~PHL117M01,17,7
Propionibacterium~phage~PHL151N00,17,7
Lactococcus~phage~M6162,17,7
Propionibacterium~phage~Moyashi,17,7
Propionibacterium~phage~QueenBey,17,7
Lactococcus~phage~D4412,17,7
Lactococcus~phage~M6165,17,7
Lactococcus~phage~D4410,17,7
Lactococcus~phage~M5938,17,7
Propionibacterium~phage~BruceLethal,17,7
Propionibacterium~phage~Enoki,17,7
Gordonia~phage~GMA5,17,7
Gordonia~phage~McGonagall,17,7
Gordonia~phage~GRU3,17,7
Lactococcus~phage~GE1,17,7
Propionibacterium~phage~PAC1,17,7
Arthrobacter~phage~Decurro,17,7
Propionibacterium~phage~PA1-14,17,7
Leuconostoc~phage~1-A4,17,7
Propionibacterium~phage~MrAK,17,7
Propionibacterium~phage~Wizzo,17,7
Propionibacterium~phage~Stormborn,17,7
Propionibacterium~phage~Pirate,17,7
Propionibacterium~phage~SKKY,17,7
Propionibacterium~phage~Kubed,17,7
Propionibacterium~phage~Procrass1,17,7
Propionibacterium~phage~Solid,17,7
Propionibacterium~phage~Lauchelly,17,7
Propionibacterium~phage~Attacne,17,7
Propionibacterium~phage~Ouroboros,17,7
Propionibacterium~phage~PHL199M00,17,7
Propionibacterium~phage~PHL070N00,17,7
Propionibacterium~phage~PHL009M11,17,7
Propionibacterium~phage~PHL171M01,17,7
Propionibacterium~phage~PHL151M00,17,7
Propionibacterium~phage~PHL301M00,17,7
Propionibacterium~phage~PHL025M00,17,7
Leuconostoc~phage~Ln-9,17,7
Propionibacterium~phage~PHL082M00,17,7
Propionibacterium~phage~PHL085N00,17,7
Propionibacterium~phage~PHL116M00,17,7
Propionibacterium~phage~PHL132N00,17,7
Propionibacterium~phage~PHL179M00,17,7
Propionibacterium~phage~Pacnes~2012-15,17,7
Propionibacterium~phage~PHL030N00,17,7
Propionibacterium~phage~PHL308M00,17,7
Leuconostoc~phage~Ln-8,17,7
Propionibacterium~phage~PHL067M01,17,7
Propionibacterium~phage~PHL092M00,17,7
Propionibacterium~phage~PHL152M00,17,7
Propionibacterium~phage~PHL141N00,17,7
Propionibacterium~phage~PHL041M10,17,7
Propionibacterium~phage~PHL194M00,17,7
Propionibacterium~phage~PHL055N00,17,7
Propionibacterium~phage~PHL095N00,17,7
Propionibacterium~phage~PHL117M00,17,7
Propionibacterium~phage~PHL163M00,17,7
Propionibacterium~phage~PHL150M00,17,7
Lactobacillus~phage~Ld3,17,7
Leuconostoc~phage~phiLNTR3,17,7
Leuconostoc~phage~phiLN6B,17,7
Leuconostoc~phage~phiLN12,17,7
Leuconostoc~phage~phiLN25,17,7
Leuconostoc~phage~phiLN34,17,7
Leuconostoc~phage~phiLNTR2,17,7
Leuconostoc~phage~phiLN03,17,7
Propionibacterium~phage~PHL112N00,17,7
Propionibacterium~phage~PHL067M10,17,7
Propionibacterium~phage~PHL010M04,17,7
Propionibacterium~phage~PHL071N05,17,7
Propionibacterium~phage~PHL060L00,17,7
Propionibacterium~phage~PHL037M02,17,7
Propionibacterium~phage~PHL114L00,17,7
Propionibacterium~phage~PHL113M01,17,7
Propionibacterium~phage~PHL111M01,17,7
Cellulophaga~phage~phi39:1,17,7
Lactococcus~phage~P680,17,7
Lactococcus~phage~jm3,17,7
Salmonella~phage~L13,17,7
Leuconostoc~phage~phiLN04,17,7
Leuconostoc~phage~P793,17,7
Propionibacterium~phage~P9.1,17,7
Propionibacterium~phage~P100_A,17,7
Propionibacterium~phage~P100_1,17,7
Propionibacterium~phage~P101A,17,7
Propionibacterium~phage~P1.1,17,7
Propionibacterium~phage~P104A,17,7
Propionibacterium~phage~ATCC29399B_T,17,7
Propionibacterium~phage~P105,17,7
Propionibacterium~phage~ATCC29399B_C,17,7
Propionibacterium~phage~P100D,17,7
Leuconostoc~phage~Lmd1,17,7
Rhodococcus~phage~RRH1,17,7
Enterococcus~phage~EFRM31,17,7
Enterococcus~phage~EFAP-1,17,7
Propionibacterium~phage~PA6,17,7
Lactococcus~phage~Q54,17,7
Methanobacterium~phage~psiM2,17,7
Lactococcus~phage~LW81,18,7
Lactococcus~phage~AM4,18,7
Lactococcus~phage~P1048,18,7
Bacteriophage~vB_NpeS-2AV2,18,7
Streptomyces~phage~Annadreamy,18,7
Streptomyces~phage~Blueeyedbeauty,18,7
Streptomyces~phage~StarPlatinum,18,7
Streptomyces~phage~Wofford,18,7
Streptomyces~phage~LukeCage,18,7
Streptomyces~phage~Karimac,18,7
Streptomyces~phage~Comrade,18,7
Streptomyces~phage~Yaboi,18,7
Streptomyces~phage~Gilson,18,7
Nodularia~phage~vB_NspS-kac65v151,18,7
Nodularia~phage~vB_NspS-kac68v161,18,7
Lactobacillus~phage~ATCC~8014-B2,18,7
Caulobacter~phage~Sansa,18,7
Caulobacter~phage~Seuss,18,7
Pseudomonas~phage~PMBT3,18,7
Lactobacillus~phage~Satyr,18,7
Microbacterium~phage~Hendrix,18,7
Gordonia~phage~Daredevil,18,7
Caulobacter~phage~CcrBL10,18,7
Caulobacter~phage~CcrPW,18,7
Caulobacter~phage~CcrBL9,18,7
Caulobacter~phage~CcrSC,18,7
Streptomyces~phage~Hiyaa,18,7
Pseudomonas~phage~Lana,18,7
Gordonia~phage~BrutonGaster,18,7
Gordonia~phage~GodonK,18,7
Pseudomonas~phage~SM1,18,7
Rhodococcus~phage~Weasels2,18,7
Providencia~phage~vB_PreS_PR1,18,7
Sphingobium~phage~Lacusarx,18,7
Mycobacterium~phage~Bongo,18,7
Mycobacterium~phage~Rey,18,7
Streptomyces~phage~Mildred21,18,7
Streptomyces~phage~NootNoot,18,7
Streptomyces~phage~Paradiddles,18,7
Streptomyces~phage~Peebs,18,7
Streptomyces~phage~Samisti12,18,7
Rhodococcus~phage~Trina,18,7
Stenotrophomonas~phage~vB_SmaS_DLP_5,18,7
Pseudomonas~phage~nickie,18,7
Streptomyces~phage~BillNye,18,7
Rhizobium~phage~RHEph10,18,7
Gordonia~phage~Yvonnetastic,18,7
Gordonia~phage~Cucurbita,18,7
Gordonia~phage~Bantam,18,7
Gordonia~phage~ClubL,18,7
Gordonia~phage~Orchid,18,7
Gordonia~phage~OneUp,18,7
Gordonia~phage~Bachita,18,7
Gordonia~phage~Smoothie,18,7
Geobacillus~virus~E3,18,7
Achromobacter~phage~JWF,18,7
Streptomyces~phage~Jay2Jay,18,7
Staphylococcus~phage~SPbeta-like,18,7
Clostridium~phage~phiCD211,18,7
Brevibacillus~phage~Sundance,18,7
Bacillus~phage~Stills,18,7
Brevibacillus~phage~Jenst,18,7
Bacillus~phage~Stahl,18,7
Mycobacterium~phage~Ariel,18,7
Mycobacterium~phage~MiaZeal,18,7
Lactococcus~phage~WRP3,18,7
Mycobacterium~phage~Minerva,18,7
Mycobacterium~phage~Gaia,18,7
Staphylococcus~phage~6ec,18,7
Bacillus~phage~Slash,18,7
Mycobacterium~phage~Thibault,18,7
Lactococcus~phage~phiL47,18,7
Staphylococcus~phage~vB_SepS_SEP9,18,7
Mycobacterium~phage~Adler,18,7
Rhizobium~phage~vB_RleS_L338C,18,7
Bacillus~phage~Staley,18,7
Bacillus~phage~vB_BanS-Tsamsa,18,7
Mycobacterium~phage~Redno2,18,7
Mycobacterium~phage~Wanda,18,7
Mycobacterium~phage~PegLeg,18,7
Caulobacter~phage~CcrColossus,18,7
Salmonella~phage~SSU5,18,7
Colwellia~phage~9A,18,7
Planktothrix~phage~PaV-LD,18,7
Vibrio~phage~SIO-2,18,7
Lactococcus~phage~949,18,7
Cyanophage~PSS2,18,7
Clostridium~phage~c-st,18,7
Lactococcus~phage~50902,19,7
Lactococcus~phage~62503,19,7
Lactococcus~phage~P1045,19,7
Lactococcus~phage~fd13,19,7
Lactococcus~lactis~phage~p272,19,7
Lactococcus~lactis~phage~P475,19,7
Lactococcus~phage~CaseusJM1,19,7
Lactococcus~phage~phi15,19,7
Lactococcus~phage~phi145,19,7
Lactococcus~phage~936~group~phage~PhiF0139,19,7
Lactococcus~phage~936~group~phage~PhiL.18,19,7
Lactococcus~phage~936~group~phage~Phi109,19,7
Lactococcus~phage~936~group~phage~PhiL.6,19,7
Lactococcus~phage~936~group~phage~Phi4.2,19,7
Lactococcus~phage~936~group~phage~Phi44,19,7
Lactococcus~phage~936~group~phage~Phi91127,19,7
Lactococcus~phage~936~group~phage~PhiJF1,19,7
Lactococcus~phage~936~group~phage~Phi155,19,7
Lactococcus~phage~936~group~phage~PhiE1127,19,7
Lactococcus~phage~936~group~phage~PhiM1127,19,7
Lactococcus~phage~936~group~phage~PhiS0139,19,7
Lactococcus~phage~16W23,19,7
Lactococcus~phage~10W18,19,7
Lactococcus~phage~3R16S,19,7
Lactococcus~phage~05601,19,7
Lactococcus~phage~30804,19,7
Lactococcus~phage~37201,19,7
Lactococcus~phage~38507,19,7
Lactococcus~phage~51701,19,7
Lactococcus~phage~56003,19,7
Lactococcus~phage~56301,19,7
Lactococcus~phage~57001,19,7
Lactococcus~phage~62601,19,7
Lactococcus~phage~62605,19,7
Lactococcus~phage~63302,19,7
Lactococcus~phage~79201,19,7
Lactococcus~phage~88605,19,7
Lactococcus~phage~96603,19,7
Lactococcus~phage~LP9404,19,7
Lactococcus~phage~LP9609,19,7
Lactococcus~phage~LP0209,19,7
Lactococcus~phage~LP0903,19,7
Lactococcus~phage~LP1502a,19,7
Lactococcus~phage~vB_Llc_bIBB5g1,19,7
Lactococcus~phage~MP1,19,7
Lactococcus~phage~8V08,19,7
Lactococcus~phage~MV10L,19,7
Lactococcus~phage~P4565,19,7
Lactococcus~phage~CHPC129,19,7
Lactococcus~phage~CHPC361,19,7
Lactococcus~phage~CHPC958,19,7
Staphylococcus~phage~SA7,19,7
Butyrivibrio~virus~Arawn,19,7
Streptococcus~virus~9873,19,7
Faecalibacterium~phage~FP_Lugh,19,7
Eggerthella~phage~PMBT5,19,7
Streptococcus~phage~phiARI0746,19,7
Streptococcus~phage~phiARI0131-2,19,7
Lactococcus~phage~28201,19,7
Lactococcus~phage~63301,19,7
Streptococcus~virus~9874,19,7
Lactococcus~phage~50101,19,7
Streptococcus~virus~9871,19,7
Streptococcus~virus~9872,19,7
Weissella~phage~WCP30,19,7
Streptococcus~phage~phiARI0923,19,7
Lactobacillus~phage~LfeSau,19,7
Erysipelothrix~phage~SE-1,19,7
Pseudoalteromonas~phage~Pq0,19,7
Verrucomicrobia~phage~P8625,19,7
Lactobacillus~phage~iA2,19,7
Lactobacillus~phage~iLp1308,19,7
Streptococcus~phage~M102AD,19,7
Streptococcus~phage~APCM01,19,7
Streptococcus~phage~A25,19,7
Lactobacillus~phage~phiPYB5,19,7
Streptococcus~phage~SpSL1,19,7
Lactobacillus~phage~Ld25A,19,7
Lactobacillus~phage~Ld17,19,7
Idiomarinaceae~phage~1N2-2,19,7
Lactobacillus~phage~phiLdb,19,7
Cellulophaga~phage~phi46:1,19,7
Lactococcus~phage~340,19,7
Lactococcus~phage~phi7,19,7
Lactococcus~phage~jm2,19,7
Lactococcus~phage~BM13,19,7
Marinomonas~phage~P12026,19,7
Clostridium~phage~PhiS63,19,7
Synechococcus~phage~S-CBS1,19,7
Synechococcus~phage~S-CBS3,19,7
Pseudoalteromonas~phage~H105/1,19,7
Streptococcus~phage~M102,19,7
Streptococcus~phage~PH10,19,7
Abalone~shriveling~syndrome-associated~virus,19,7
Lactobacillus~phage~LL-H,19,7
Lactococcus~phage~phiLC3,19,7
Streptococcus~phage~SM1,19,7
Clostridium~phage~phi3626,19,7
Bacillus~phage~phi105,20,7
Bacillus~phage~Deep-Purple,20,7
Staphylococcus~phage~phiSa2wa_st22,20,7
Paenibacillus~phage~BN12,20,7
Paenibacillus~phage~Tadhana,20,7
Paenibacillus~phage~Likha,20,7
Paenibacillus~phage~Lucielle,20,7
Paenibacillus~phage~Eltigre,20,7
Paenibacillus~phage~Jacopo,20,7
Flavobacterium~phage~vB_FspS_filifjonk9-1,20,7
Flavobacterium~phage~vB_FspS_hattifnatt9-1,20,7
Flavobacterium~phage~vB_FspS_hemulen6-1,20,7
Flavobacterium~phage~vB_FspS_lillamy9-1,20,7
Flavobacterium~phage~vB_FspS_morran9-1,20,7
Flavobacterium~phage~vB_FspS_mumin9-1,20,7
Flavobacterium~phage~vB_FspS_mymlan6-1,20,7
Flavobacterium~phage~vB_FspS_sniff9-1,20,7
Flavobacterium~phage~vB_FspS_snork6-1,20,7
Flavobacterium~phage~vB_FspS_snusmum6-1,20,7
Flavobacterium~phage~vB_FspS_stinky9-1,20,7
Flavobacterium~phage~vB_FspS_tooticki6-1,20,7
Streptomyces~phage~Ididsumtinwong,20,7
Streptomyces~phage~PapayaSalad,20,7
Streptomyces~phage~Picard,20,7
Microbacterium~phage~Appa,20,7
Microbacterium~phage~Armstrong,20,7
Arthrobacter~phage~Andrew,20,7
Arthrobacter~phage~Coral,20,7
Arthrobacter~phage~Kepler,20,7
Arthrobacter~phage~Maja,20,7
Microbacterium~phage~Schubert,20,7
Streptomyces~phage~Austintatious,20,7
Salinibacter~virus~M8CR30-2,20,7
Paenibacillus~phage~Willow,20,7
Paracoccus~phage~Shpa,20,7
Arthrobacter~phage~Galaxy,20,7
Propionibacterium~phage~Anatole,20,7
Propionibacterium~phage~B22,20,7
Propionibacterium~phage~B3,20,7
Propionibacterium~phage~Doucette,20,7
Propionibacterium~phage~E6,20,7
Propionibacterium~phage~G4,20,7
Arthrobacter~phage~Abidatro,20,7
Rhodobacter~phage~RcCronus,20,7
Microbacterium~phage~Golden,20,7
Microbacterium~phage~Koji,20,7
Microbacterium~phage~Pikmin,20,7
Pseudomonas~phage~JBD67,20,7
Flavobacterium~phage~1H,20,7
Streptococcus~phage~phiARI0468-4,20,7
Pseudoalteromonas~phage~BS5,20,7
Lactobacillus~phage~PLE2,20,7
Enterococcus~phage~SANTOR1,20,7
Rhodovulum~phage~vB_RhkS_P1,20,7
Lactococcus~phage~98201,20,7
Propionibacterium~phage~PFR1,20,7
Propionibacterium~phage~PFR2,20,7
Bacillus~phage~vB_BhaS-171,20,7
Pseudomonas~phage~JBD69,20,7
Pseudomonas~phage~JBD93,20,7
Paenibacillus~phage~HB10c2,20,7
Lactobacillus~phage~iLp84,20,7
Lactobacillus~phage~CL2,20,7
Paenibacillus~phage~Fern,20,7
Listeria~phage~vB_LmoS_188,20,7
Bacillus~phage~phi4B1,20,7
Lactobacillus~phage~CL1,20,7
Rhodobacter~phage~RcRhea,20,7
Enterococcus~phage~vB_EfaS_IME196,20,7
Clostridium~phage~phiCT19406C,20,7
Streptococcus~phage~Str-PAP-1,20,7
Pseudomonas~phage~vB_PaeS_PM105,20,7
Streptococcus~phage~T12,20,7
Pseudomonas~phage~JBD25,20,7
Pseudomonas~phage~H70,20,7
Lactococcus~phage~1358,20,7
Pseudomonas~phage~vB_PaeS_PAO1_Ab30,20,7
Idiomarinaceae~phage~Phi1M2-2,20,7
Pseudomonas~phage~MP48,20,7
Pseudomonas~phage~JD024,20,7
Streptococcus~phage~K13,20,7
Streptococcus~phage~DCC1738,20,7
Streptococcus~phage~IC1,20,7
Psychrobacter~phage~Psymv2,20,7
Bacillus~phage~phiCM3,20,7
Geobacillus~phage~GBK2,20,7
Lactobacillus~phage~phiJB,20,7
Arthrobacter~phage~vB_ArS-ArV2,20,7
Lactobacillus~phage~PL-1,20,7
Cellulophaga~phage~phi18:1,20,7
Cellulophaga~phage~phi12:1,20,7
Cellulophaga~phage~phi17:1,20,7
Mycobacterium~phage~Leo,20,7
Listeria~phage~LP-030-2,20,7
Clostridium~phage~vB_CpeS-CP51,20,7
Pseudomonas~phage~JBD30,20,7
Pseudomonas~phage~JBD88a,20,7
Pseudomonas~phage~JBD5,20,7
Pseudomonas~phage~JBD24,20,7
Cronobacter~phage~ENT39118,20,7
Enterobacteria~phage~mEp235,20,7
Clostridium~phage~phiCP26F,20,7
Clostridium~phage~phiCP13O,20,7
Clostridium~phage~phiCP34O,20,7
Streptococcus~phage~phiNJ2,20,7
Streptomyces~phage~SV1,20,7
Cronobacter~phage~phiES15,20,7
Pseudomonas~phage~MP42,20,7
Rhodococcus~phage~REQ3,20,7
Escherichia~phage~HK75,20,7
Pediococcus~phage~cIP1,20,7
Rhodobacter~phage~RcapMu,20,7
Brochothrix~phage~NF5,20,7
Clostridium~phage~phiCD6356,20,7
Streptomyces~phage~phiSASD1,20,7
Enterococcus~phage~phiFL2A,20,7
Enterococcus~phage~phiFL4A,20,7
Enterococcus~phage~phiFL1A,20,7
Enterococcus~phage~phiFL3A,20,7
Burkholderia~phage~KS9,20,7
Streptococcus~phage~5093,20,7
Lactobacillus~phage~Lv-1,20,7
Bacillus~phage~TP21-L,20,7
Listeria~phage~P40,20,7
Lactobacillus~phage~Lrm1,20,7
Streptococcus~phage~PH15,20,7
Listeria~phage~A500,20,7
Listeria~phage~P35,20,7
Listeria~phage~A006,20,7
Streptococcus~phage~phi3396,20,7
Streptococcus~phage~SMP,20,7
Clostridium~phage~phiSM101,20,7
Streptomyces~phage~mu1/6,20,7
Pseudomonas~phage~F10,20,7
Bacillus~phage~Fah,20,7
Lactobacillus~phage~Lc-Nu,20,7
Bacillus~phage~Gamma,20,7
Listonella~phage~phiHSIC,20,7
Pseudomonas~phage~B3,20,7
Flavobacterium~phage~11b,20,7
Lactobacillus~phage~phiAT3,20,7
Lactobacillus~prophage~Lj928,20,7
Lactococcus~phage~ul36,20,7
Lactococcus~phage~TP901-1,20,7
Streptococcus~thermophilus~bacteriophage~Sfi11,20,7
Lactococcus~phage~Tuc2009,20,7
Microbacterium~phage~McGalleon,21,7
Microbacterium~phage~MonChoix,21,7
Microbacterium~phage~Teagan,21,7
Escherichia~phage~ECP1,21,7
Listeria~phage~LP-HM00113468,21,7
Bacillus~phage~vB_BceS-MY192,21,7
Staphylococcus~phage~P282,21,7
Staphylococcus~phage~P630,21,7
Staphylococcus~phage~P1105,21,7
Bacillus~phage~PfEFR-4,21,7
Staphylococcus~phage~3~AJ-2017,21,7
Staphylococcus~phage~IME1361_01,21,7
Lactobacillus~phage~LJ,21,7
Paenibacillus~phage~PBL1c,21,7
Paenibacillus~phage~Pagassa,21,7
Paenibacillus~phage~Leyra,21,7
Bacillus~phage~Carmen17,21,7
Anoxybacillus~phage~A403,21,7
Staphylococcus~phage~SA1014ruMSSAST7,21,7
Staphylococcus~phage~SA780ruMSSAST101,21,7
Paenibacillus~phage~Yerffej,21,7
Paenibacillus~phage~Kawika,21,7
Bacillus~phage~Wes44,21,7
Lactobacillus~phage~BH1,21,7
Rhodococcus~phage~Sleepyhead,21,7
Corynebacterium~phage~Dina,21,7
Corynebacterium~phage~Stiles,21,7
Corynebacterium~phage~Adelaide,21,7
Flavobacterium~phage~vB_FspS_laban6-1,21,7
Flavobacterium~phage~vB_FspS_tant8-1,21,7
Enterobacteria~phage~IME_EC2,21,7
Streptomyces~phage~Raleigh,21,7
Streptomyces~phage~AbbeyMikolon,21,7
Streptomyces~phage~Attoomi,21,7
Streptomyces~phage~Rowa,21,7
Gordonia~phage~Trine,21,7
Microbacterium~phage~Eden,21,7
Microbacterium~phage~Neferthena,21,7
Corynebacterium~phage~SamW,21,7
Corynebacterium~phage~Juicebox,21,7
Streptomyces~phage~Darolandstone,21,7
Arthrobacter~phage~Bridgette,21,7
Arthrobacter~phage~Constance,21,7
Arthrobacter~phage~DrManhattan,21,7
Arthrobacter~phage~Eileen,21,7
Arthrobacter~phage~Judy,21,7
Arthrobacter~phage~Peas,21,7
Arthrobacter~phage~Yang,21,7
Microbacterium~phage~Goodman,21,7
Salmonella~phage~Lumpael,21,7
Streptomyces~phage~Vash,21,7
Streptomyces~phage~Lilbooboo,21,7
Raoultella~phage~RP180,21,7
Staphylococcus~phage~vB_SpsS_QT1,21,7
Corynebacterium~phage~phi673,21,7
Corynebacterium~phage~phi674,21,7
Corynebacterium~phage~Poushou,21,7
Flavobacterium~phage~23T,21,7
Mycobacterium~phage~SkinnyPete,21,7
Escherichia~phage~K1ind1,21,7
Arthrobacter~phage~Bennie,21,7
Arthrobacter~phage~DrRobert,21,7
Arthrobacter~phage~Glenn,21,7
Arthrobacter~phage~HunterDalle,21,7
Arthrobacter~phage~Joann,21,7
Arthrobacter~phage~Korra,21,7
Arthrobacter~phage~Preamble,21,7
Arthrobacter~phage~Pumancara,21,7
Arthrobacter~phage~Wayne,21,7
Rhodobacter~phage~RcSpartan,21,7
Salmonella~phage~vB_SenS_AG11,21,7
Salmonella~phage~wksl3,21,7
Enterococcus~phage~phiSHEF2,21,7
Enterococcus~phage~phiSHEF4,21,7
Enterococcus~phage~phiSHEF5,21,7
Edwardsiella~phage~eiAU,21,7
Streptomyces~phage~Scap1,21,7
Mycobacterium~phage~Pipsqueaks,21,7
Salmonella~phage~FSL~SP-101,21,7
Escherichia~phage~VB_EcoS-Golestan,21,7
Gordonia~phage~Gustav,21,7
Gordonia~phage~Mahdia,21,7
Microbacterium~phage~Dismas,21,7
Enterococcus~phage~PMBT2,21,7
Microbacterium~phage~Eleri,21,7
Microbacterium~phage~Hamlet,21,7
Microbacterium~phage~Ilzat,21,7
Enterococcus~phage~LY0322,21,7
Enterococcus~phage~vB_EfaS_AL3,21,7
Enterococcus~phage~vB_EfaS_AL2,21,7
Enterococcus~phage~AUEF3,21,7
Salmonella~phage~MA12,21,7
Streptococcus~phage~phiARI0131-1,21,7
Flavobacterium~phage~Fpv7,21,7
Streptococcus~phage~phiARI0031,21,7
Streptococcus~phage~phiARI0460-1,21,7
Flavobacterium~phage~Fpv8,21,7
Streptococcus~phage~phiARI0004,21,7
Flavobacterium~phage~Fpv5,21,7
Streptococcus~phage~phiARI0468-2,21,7
Salmonella~phage~BPS11Q3,21,7
Streptococcus~phage~phiARI0468-1,21,7
Flavobacterium~phage~Fpv10,21,7
Flavobacterium~phage~Fpv6,21,7
Streptococcus~phage~phiARI0462,21,7
Flavobacterium~phage~Fpv11,21,7
Gordonia~phage~Emalyn,21,7
Staphylococcus~phage~CNPx,21,7
Mycobacterium~phage~Xeno,21,7
Enterococcus~phage~Ec-ZZ2,21,7
Mycobacterium~phage~Phrann,21,7
Gordonia~phage~Lucky10,21,7
Mycobacterium~phage~Panchino,21,7
Gordonia~phage~Nyceirae,21,7
Lactococcus~phage~PLgT-1,21,7
Bacillus~phage~PfEFR-5,21,7
Pseudomonas~phage~MD8,21,7
Acinetobacter~phage~vB_AbaS_TRS1,21,7
Gordonia~phage~Hedwig,21,7
Mycobacterium~phage~Sneeze,21,7
Escherichia~phage~Gluttony,21,7
Gordonia~phage~Eyre,21,7
Lactobacillus~phage~PLE3,21,7
Gordonia~phage~GMA1,21,7
Pseudomonas~phage~phi2,21,7
Gordonia~phage~Gsput1,21,7
Rhodobacter~phage~RcTitan,21,7
Paenibacillus~phage~Harrison,21,7
Staphylococcus~phage~23MRA,21,7
Mycobacterium~phage~Carcharodon,21,7
Mycobacterium~phage~MOOREtheMARYer,21,7
Streptomyces~phage~SF1,21,7
Staphylococcus~phage~StB20-like,21,7
Enterococcus~phage~IME-EFm5,21,7
Paenibacillus~phage~Xenia,21,7
Staphylococcus~phage~B166,21,7
Mycobacterium~phage~FlagStaff,21,7
Staphylococcus~phage~vB_SauS_phi2,21,7
Pseudomonas~phage~PaMx42,21,7
Escherichia~phage~slur05,21,7
Clostridium~phage~phiCD111,21,7
Staphylococcus~phage~B236,21,7
Staphylococcus~phage~3MRA,21,7
Listeria~phage~vB_LmoS_293,21,7
Clostridium~phage~phiCD146,21,7
Bacillus~phage~phi4J1,21,7
Staphylococcus~phage~SA97,21,7
Stenotrophomonas~phage~vB_SmaS-DLP_2,21,7
Staphylococcus~phage~IME-SA4,21,7
Staphylococcus~phage~phiJB,21,7
Enterococcus~phage~vB_EfaS_IME197,21,7
Enterobacter~phage~phiEap-2,21,7
Salmonella~phage~f18SE,21,7
Escherichia~phage~YD-2008.s,21,7
Mycobacterium~phage~Trike,21,7
Paracoccus~phage~vB_PmaS-R3,21,7
Staphylococcus~phage~phiBU01,21,7
Salmonella~phage~LSPA1,21,7
Enterococcus~phage~EFC-1,21,7
Staphylococcus~phage~phiSa119,21,7
Enterococcus~phage~EfaCPT1,21,7
Shewanella~sp.~phage~3/49,21,7
Enterococcus~phage~IME-EFm1,21,7
Pseudomonas~phage~vB_PaeS_SCH_Ab26,21,7
Listeria~phage~LP-030-3,21,7
Listeria~phage~LP-101,21,7
Staphylococcus~phage~DW2,21,7
Mycobacterium~phage~Bernal13,21,7
Mycobacterium~phage~Charlie,21,7
Mycobacterium~phage~Redi,21,7
Enterococcus~phage~IME-EF4,21,7
Edwardsiella~phage~eiAU-183,21,7
Mycobacterium~phage~MichelleMyBell,21,7
Mycobacterium~phage~Jolie2,21,7
Croceibacter~phage~P2559Y,21,7
Oenococcus~phage~phiS13,21,7
Enterococcus~phage~IME_EF3,21,7
Staphylococcus~phage~StauST398-4,21,7
Staphylococcus~phage~StauST398-5,21,7
Staphylococcus~phage~phiRS7,21,7
Salmonella~phage~SETP13,21,7
Salmonella~phage~SETP7,21,7
Lactobacillus~phage~J-1,21,7
Staphylococcus~phage~YMC/09/04/R1988,21,7
Staphylococcus~phage~SA12,21,7
Staphylococcus~phage~SA13,21,7
Paenibacillus~phage~phiIBB_Pl23,21,7
Staphylococcus~phage~JS01,21,7
Salmonella~phage~FSL~SP-031,21,7
Salmonella~phage~Jersey,21,7
Serratia~phage~Eta,21,7
Staphylococcus~phage~StauST398-3,21,7
Mycobacterium~phage~Butters,21,7
Rhodobacter~phage~RcapNL,21,7
Staphylococcus~phage~StB12,21,7
Enterobacteria~phage~mEp237,21,7
Staphylococcus~phage~StB27,21,7
Staphylococcus~phage~StB20,21,7
Enterobacteria~phage~mEp043~c-1,21,7
Enterobacteria~phage~HK140,21,7
Enterobacteria~phage~mEp460,21,7
Enterobacterial~phage~mEp213,21,7
Enterobacterial~phage~mEp390,21,7
Enterobacteria~phage~HK106,21,7
Bacillus~phage~phIS3501,21,7
Lactobacillus~phage~LF1,21,7
Lactobacillus~phage~Sha1,21,7
Streptomyces~virus~TG1,21,7
Croceibacter~phage~P2559S,21,7
Burkholderia~phage~KL1,21,7
Staphylococcus~phage~SpaA1,21,7
Streptococcus~phage~YMC-2011,21,7
Thermoanaerobacterium~phage~THSA-485A,21,7
Bacillus~phage~BtCS33,21,7
Bacillus~phage~PBC1,21,7
Staphylococcus~phage~TEM123,21,7
Pseudomonas~phage~vB_Pae-Kakheti25,21,7
Salmonella~phage~SE2,21,7
Shigella~phage~EP23,21,7
Clostridium~phage~phiCD38-2,21,7
Brochothrix~phage~BL3,21,7
Enterococcus~phage~phiEf11,21,7
Staphylococcus~phage~P954,21,7
Mycobacterium~phage~Angel,21,7
Staphylococcus~phage~phiPVL-CN125,21,7
Stenotrophomonas~phage~S1,21,7
Bacteroides~phage~B40-8,21,7
Listeria~phage~B025,21,7
Streptococcus~phage~P9,21,7
Corynebacterium~phage~BFK20,21,7
Staphylococcus~phage~tp310-1,21,7
Staphylococcus~phage~tp310-3,21,7
Geobacillus~virus~E2,21,7
Salmonella~phage~SETP3,21,7
Staphylococcus~phage~phiNM3,21,7
Pseudomonas~phage~73,21,7
Burkholderia~phage~Bcep176,21,7
Staphylococcus~phage~2638A,21,7
Staphylococcus~phage~ROSA,21,7
Salmonella~phage~SS3e,21,7
Bacillus~phage~BCJA1c,21,7
Lactobacillus~prophage~Lj965,21,7
Lactococcus~phage~BK5-T,21,7
Lactobacillus~phage~A2,21,7
Listeria~phage~A118,21,7
Lactobacillus~phage~phig1e,21,7
Arthrobacter~phage~TripleJ,22,7
Rhodococcus~phage~Hiro,22,7
Pseudomonas~phage~PMBT14,22,7
Rhodococcus~phage~Takoda,22,7
Bacillus~phage~vB_BtS_B83,22,7
Corynebacterium~phage~StAB,22,7
Rhodococcus~phage~Whack,22,7
Corynebacterium~phage~Lederberg,22,7
Microbacterium~phage~Zeta1847,22,7
Arthrobacter~phage~Liebe,22,7
Erwinia~phage~vB_EhrS_49,22,7
Erwinia~phage~vB_EhrS_59,22,7
Mycobacterium~virus~Jeffabunny,22,7
Mycobacterium~virus~Saintus,22,7
Acinetobacter~phage~YMC11/11/R3177,22,7
Gordonia~phage~Attis,22,7
Mycobacterium~phage~Tortellini,22,7
Geobacillus~phage~TP-84,22,7
Mycobacterium~phage~Jebeks,22,7
Mycobacterium~phage~Rockstar,22,7
Streptomyces~phage~Aaronocolus,22,7
Gordonia~phage~Troje,22,7
Salmonella~phage~64795_sal3,22,7
Salmonella~phage~IME207,22,7
Flavobacterium~phage~2A,22,7
Gordonia~phage~GAL1,22,7
Gordonia~phage~Obliviate,22,7
Gordonia~phage~SoilAssassin,22,7
Gordonia~phage~Schnabeltier,22,7
Mycobacterium~phage~Shipwreck,22,7
Brucella~phage~BiPBO1,22,7
Gordonia~phage~Guacamole,22,7
Gordonia~phage~Ghobes,22,7
Gordonia~phage~CaptainKirk2,22,7
Escherichia~phage~Envy,22,7
Gordonia~phage~Vendetta,22,7
Gordonia~phage~Utz,22,7
Gordonia~phage~Splinter,22,7
Pseudomonas~phage~JBD44,22,7
Gordonia~phage~Bowser,22,7
Gordonia~phage~GMA4,22,7
Gordonia~phage~Cozz,22,7
Clostridium~phage~phiCTC2A,22,7
Clostridium~phage~phiCT19406A,22,7
Mycobacterium~phage~Brusacoram,22,7
Polaribacter~phage~P12002S,22,7
Paenibacillus~phage~Vegas,22,7
Achromobacter~phage~JWX,22,7
Mycobacterium~phage~Phayonce,22,7
Mycobacterium~phage~UnionJack,22,7
Achromobacter~phage~83-24,22,7
Streptomyces~phage~Caliburn,22,7
Mycobacterium~phage~Chadwick,22,7
Streptomyces~phage~Amela,22,7
Mycobacterium~phage~Swirley,22,7
Mycobacterium~phage~Cambiare,22,7
Polaribacter~phage~P12002L,22,7
Achromobacter~phage~phiAxp-1,22,7
Mannheimia~phage~vB_MhS_587AP2,22,7
Rhodococcus~phage~CosmicSans,22,7
Enterobacteria~phage~phi80,22,7
Mycobacterium~phage~Alvin,22,7
Mycobacterium~phage~Malithi,22,7
Bacillus~phage~Waukesha92,22,7
Shewanella~sp.~phage~1/44,22,7
Mycobacterium~phage~BigNuz,22,7
Mycobacterium~phage~Donovan,22,7
Mycobacterium~phage~RhynO,22,7
Oenococcus~phage~phi9805,22,7
Oenococcus~phage~phiS11,22,7
Mycobacterium~phage~Muddy,22,7
Flavobacterium~phage~6H,22,7
Mycobacterium~phage~BTCU-1,22,7
Staphylococcus~phage~StauST398-2,22,7
Staphylococcus~phage~StauST398-1,22,7
Mycobacterium~phage~Chy4,22,7
Mycobacterium~phage~Fishburne,22,7
Mycobacterium~phage~Severus,22,7
Clostridium~phage~phi8074-B1,22,7
Cronobacter~phage~ENT47670,22,7
Enterobacteria~phage~HK225,22,7
Staphylococcus~phage~SMSAP5,22,7
Salmonella~phage~SPN3UB,22,7
Lactobacillus~phage~JCL1032,22,7
Riemerella~phage~RAP44,22,7
Salmonella~phage~vB_SosS_Oslo,22,7
Bacteroides~phage~B124-14,22,7
Pseudomonas~phage~phi297,22,7
Rhodococcus~phage~REQ2,22,7
Rhodococcus~phage~RER2,22,7
Nocardia~phage~NBR1,22,7
Escherichia~phage~HK639,22,7
Gordonia~phage~GTE2,22,7
Pseudomonas~phage~PAJU2,22,7
Staphylococcus~phage~phi2958PVL,22,7
Mycobacterium~phage~Solon,22,7
Staphylococcus~phage~tp310-2,22,7
Microbacterium~phage~Min1,22,7
Enterobacteria~phage~ES18,22,7
Streptomyces~phage~VWB,22,7
Yersinia~phage~PY54,22,7
Staphylococcus~prophage~phiPV83,22,7
Bacillus~phage~vB_BtS_BMBtp14,23,7
Salmonella~phage~vB_SenS_Sasha,23,7
Brevibacterium~phage~LuckyBarnes,23,7
Gordonia~phage~BENtherdunthat,23,7
Rhodococcus~phage~Jace,23,7
Microbacterium~phage~Paschalis,23,7
Microbacterium~phage~Metamorphoo,23,7
Microbacterium~phage~RobsFeet,23,7
Microbacterium~phage~Quhwah,23,7
Gordonia~phage~Apricot,23,7
Gordonia~phage~Ruthy,23,7
Microbacterium~phage~KaiHaiDragon,23,7
Gordonia~phage~Phistory,23,7
Gordonia~phage~Kenna,23,7
Microbacterium~phage~Fireman,23,7
Gordonia~phage~Fairfaxidum,23,7
Mycobacterium~virus~Backyardigan,23,7
Mycobacterium~virus~Gladiator,23,7
Mycobacterium~virus~JHC117,23,7
Mycobacterium~virus~Microwolf,23,7
Mycobacterium~virus~George,23,7
Mycobacterium~virus~Hammer,23,7
Mycobacterium~virus~JC27,23,7
Mycobacterium~virus~Lesedi,23,7
Mycobacterium~virus~Museum,23,7
Mycobacterium~virus~BBPiebs31,23,7
Mycobacterium~virus~Benedict,23,7
Mycobacterium~virus~Cuco,23,7
Mycobacterium~virus~Astro,23,7
Mycobacterium~virus~Arturo,23,7
Mycobacterium~virus~Goose,23,7
Mycobacterium~virus~Rebeuca,23,7
Salinibacter~virus~M31CR41-2,23,7
Streptomyces~phage~phiELB20,23,7
Streptomyces~phage~phiCAM,23,7
Streptomyces~phage~Danzina,23,7
Gordonia~phage~Strosahl,23,7
Proteus~phage~VB_PmiS-Isfahan,23,7
Mycobacterium~phage~Twister,23,7
Mycobacterium~phage~Timshel,23,7
Mycobacterium~phage~Tiger,23,7
Mycobacterium~phage~Switzer,23,7
Streptomyces~phage~Hydra,23,7
Gordonia~phage~Waits,23,7
Gordonia~phage~BaxterFox,23,7
Gordonia~phage~Kita,23,7
Mycobacterium~phage~Catalina,23,7
Gordonia~phage~BetterKatz,23,7
Gordonia~phage~UmaThurman,23,7
Mycobacterium~phage~Loser,23,7
Mycobacterium~phage~Mulciber,23,7
Mycobacterium~phage~Brocalys,23,7
Mycobacterium~phage~EvilGenius,23,7
Gordonia~phage~Yeezy,23,7
Mycobacterium~phage~ArcherNM,23,7
Mycobacterium~phage~Bactobuster,23,7
Gordonia~phage~Remus,23,7
Mycobacterium~phage~Papez,23,7
Gordonia~phage~JSwag,23,7
Gordonia~phage~Nymphadora,23,7
Mycobacterium~phage~Makemake,23,7
Streptomyces~phage~Nanodon,23,7
Gordonia~phage~Zirinka,23,7
Mycobacterium~phage~Gompeii16,23,7
Gordonia~phage~CarolAnn,23,7
Pseudomonas~phage~YMC11/07/P54_PAE_BP,23,7
Gordonia~phage~Blueberry,23,7
Gordonia~phage~Rosalind,23,7
Gordonia~phage~KatherineG,23,7
Gordonia~phage~Soups,23,7
Mycobacterium~phage~Edtherson,23,7
Mycobacterium~phage~VohminGhazi,23,7
Sinorhizobium~phage~phiLM21,23,7
Mycobacterium~phage~SweetiePie,23,7
Bacillus~phage~vB_BtS_BMBtp3,23,7
Mycobacterium~phage~Tiffany,23,7
Mycobacterium~phage~Tasp14,23,7
Mycobacterium~phage~Piro94,23,7
Mycobacterium~phage~MarQuardt,23,7
Mycobacterium~phage~Barriga,23,7
Mycobacterium~phage~Rufus,23,7
Mycobacterium~phage~Nhonho,23,7
Streptomyces~phage~Lannister,23,7
Mycobacterium~phage~TheloniousMonk,23,7
Mycobacterium~phage~Luchador,23,7
Mycobacterium~phage~Equemioh13,23,7
Mannheimia~phage~vB_MhS_535AP2,23,7
Mycobacterium~phage~Smeadley,23,7
Mycobacterium~phage~Pari,23,7
Mycobacterium~phage~Larenn,23,7
Mycobacterium~phage~Sheen,23,7
Mycobacterium~phage~Abrogate,23,7
Mycobacterium~phage~Nerujay,23,7
Paenibacillus~phage~Tripp,23,7
Mycobacterium~phage~Serenity,23,7
Mycobacterium~phage~Turj99,23,7
Mannheimia~phage~vB_MhS_1152AP2,23,7
Mycobacterium~phage~Theia,23,7
Mycobacterium~phage~Pioneer,23,7
Streptomyces~phage~Izzy,23,7
Mycobacterium~phage~Anubis,23,7
Mycobacterium~phage~LadyBird,23,7
Mycobacterium~phage~Phlei,23,7
Mycobacterium~phage~Pepe,23,7
Mycobacterium~phage~Iracema64,23,7
Mycobacterium~phage~Hades,23,7
Mycobacterium~phage~Cerasum,23,7
Salmonella~phage~9NA,23,7
Mycobacterium~phage~RedRock,23,7
Mycobacterium~phage~Pinto,23,7
Pseudomonas~phage~phiPSA1,23,7
Lactococcus~phage~P092,23,7
Lactococcus~phage~P118,23,7
Lactococcus~phage~P078,23,7
Mycobacterium~phage~Seabiscuit,23,7
Mycobacterium~phage~Kampy,23,7
Mycobacterium~phage~Lamina13,23,7
Mycobacterium~phage~Phantastic,23,7
Mycobacterium~virus~LHTSCC,23,7
Mycobacterium~phage~SkiPole,23,7
Mycobacterium~phage~Alsfro,23,7
Mycobacterium~phage~Violet,23,7
Mycobacterium~phage~Turbido,23,7
Mycobacterium~phage~Dreamboat,23,7
Mycobacterium~phage~Wile,23,7
Mycobacterium~phage~RidgeCB,23,7
Mycobacterium~phage~Blue7,23,7
Mycobacterium~virus~Alma,23,7
Mycobacterium~phage~Aeneas,23,7
Mycobacterium~phage~Trixie,23,7
Mycobacterium~phage~Echild,23,7
Mycobacterium~phage~BellusTerra,23,7
Mycobacterium~phage~EagleEye,23,7
Mycobacterium~phage~Nyxis,23,7
Mycobacterium~phage~Obama12,23,7
Mycobacterium~phage~20ES,23,7
Mycobacterium~phage~32HC,23,7
Mycobacterium~phage~CRB1,23,7
Mycobacterium~phage~40AC,23,7
Mycobacterium~phage~CloudWang3,23,7
Mycobacterium~phage~Conspiracy,23,7
Mycobacterium~phage~HanShotFirst,23,7
Mycobacterium~phage~Artemis2UCLA,23,7
Mycobacterium~phage~Graduation,23,7
Mycobacterium~phage~Jovo,23,7
Mycobacterium~phage~Zaka,23,7
Mycobacterium~phage~Fredward,23,7
Mycobacterium~phage~SarFire,23,7
Mycobacterium~phage~PhrostyMug,23,7
Mycobacterium~phage~LittleCherry,23,7
Mycobacterium~phage~AnnaL29,23,7
Mycobacterium~phage~Adzzy,23,7
Mycobacterium~phage~Trouble,23,7
Cellulophaga~phage~phi10:1,23,7
Mycobacterium~phage~Jobu08,23,7
Mycobacterium~phage~Chy5,23,7
Mycobacterium~phage~CASbig,23,7
Mycobacterium~phage~WIVsmall,23,7
Streptomyces~phage~Zemlya,23,7
Mycobacterium~phage~PattyP,23,7
Streptomyces~phage~Lika,23,7
Streptomyces~phage~Sujidade,23,7
Mycobacterium~phage~HINdeR,23,7
Mycobacterium~phage~First,23,7
Streptomyces~phage~R4,23,7
Streptomyces~phage~phiHau3,23,7
Mycobacterium~phage~SWU1,23,7
Rhodococcus~phage~REQ1,23,7
Mycobacterium~virus~Peaches,23,7
Enterobacteria~phage~YYZ-2008,23,7
Mycobacterium~phage~DD5,23,7
Mycobacterium~virus~Pukovnik,23,7
Mycobacterium~phage~Giles,23,7
Mycobacterium~phage~U2,23,7
Burkholderia~phage~BcepGomr,23,7
Klebsiella~phage~phiKO2,23,7
Mycobacterium~virus~Bxz2,23,7
Burkholderia~phage~phiE125,23,7
Mycobacterium~phage~TM4,23,7
Escherichia~phage~JLK-2012,24,7
Enterobacteria~phage~2851,24,7
Lactococcus~phage~P596,24,7
Salmonella~phage~35,24,7
Salmonella~phage~ST-101,24,7
Salmonella~phage~BSPM4,24,7
Klebsiella~phage~KPN~N137,24,7
Salmonella~phage~KFS-SE1,24,7
Mycobacterium~phage~TChen,24,7
Salmonella~phage~Siskin,24,7
Mycobacterium~phage~Renaud18,24,7
Klebsiella~phage~Seifer,24,7
Mycobacterium~phage~ThetaBob,24,7
Klebsiella~phage~Soft,24,7
Gordonia~phage~Tanis,24,7
Mycobacterium~phage~Cornie,24,7
Gordonia~phage~Secretariat,24,7
Bordetella~phage~CN1,24,7
Faecalibacterium~phage~FP_oengus,24,7
Microbacterium~phage~Krampus,24,7
Microbacterium~phage~MementoMori,24,7
Gordonia~phage~Horus,24,7
Gordonia~phage~Getalong,24,7
Gordonia~phage~Asapag,24,7
Mycobacterium~virus~Ibhubesi,24,7
Mycobacterium~virus~Mozy,24,7
Enterococcus~phage~VD13,24,7
Bacillus~phage~Mgbh1,24,7
Streptomyces~phage~Rima,24,7
Arthrobacter~phage~Circum,24,7
Arthrobacter~phage~Amigo,24,7
Arthrobacter~phage~CaptnMurica,24,7
Arthrobacter~phage~Gordon,24,7
Pseudomonas~phage~PaMx25,24,7
Enterococcus~phage~SAP6,24,7
Mycobacterium~phage~ShiLan,24,7
Mycobacterium~phage~Shauna1,24,7
Arthrobacter~phage~Molivia,24,7
Streptomyces~phage~DrGrey,24,7
Streptomyces~phage~Bing,24,7
Gordonia~phage~Brandonk123,24,7
Salmonella~phage~118970_sal1,24,7
Arthrobacter~phage~Mudcat,24,7
Arthrobacter~phage~KellEzio,24,7
Gordonia~phage~Vivi2,24,7
Arthrobacter~phage~Kitkat,24,7
Gordonia~phage~Twister6,24,7
Pseudomonas~phage~NP1,24,7
Gordonia~phage~Phinally,24,7
Gordonia~phage~Wizard,24,7
Tsukamurella~phage~TPA4,24,7
Gordonia~phage~BritBrat,24,7
Mycobacterium~phage~Quico,24,7
Mycobacterium~phage~Mufasa,24,7
Pseudomonas~phage~PaMx11,24,7
Mycobacterium~phage~Kimberlium,24,7
Pseudomonas~phage~PaMx74,24,7
Proteus~phage~pPM_01,24,7
Mycobacterium~phage~Seagreen,24,7
Streptomyces~phage~TP1604,24,7
Mycobacterium~phage~Bipolar,24,7
Mycobacterium~phage~CaptainTrips,24,7
Mycobacterium~phage~Phatniss,24,7
Mycobacterium~phage~Florinda,24,7
Mycobacterium~phage~XFactor,24,7
Mycobacterium~phage~Llama,24,7
Pseudomonas~phage~PaMx28,24,7
Mycobacterium~phage~Enkosi,24,7
Mycobacterium~phage~Ovechkin,24,7
Mycobacterium~phage~Dante,24,7
Mycobacterium~phage~PopTart,24,7
Streptomyces~phage~YDN12,24,7
Mycobacterium~phage~Cheetobro,24,7
Enterobacteria~phage~JenP2,24,7
Streptomyces~phage~phiSAJS1,24,7
Enterococcus~phage~vB_EfaS_IME198,24,7
Mycobacterium~phage~Sparkdehlily,24,7
Gordonia~phage~GTE6,24,7
Mycobacterium~phage~Cabrinians,24,7
Mycobacterium~virus~Fionnbarth,24,7
Escherichia~phage~Seurat,24,7
Mycobacterium~phage~Sbash,24,7
Mycobacterium~phage~BuzzLyseyear,24,7
Pseudomonas~phage~vB_PaeS_PAO1_Ab18,24,7
Mycobacterium~phage~Inventum,24,7
Mycobacterium~phage~Milly,24,7
Vibrio~phage~VpKK5,24,7
Ruegeria~phage~DSS3-P1,24,7
Enterococcus~phage~VD13,24,7
Lactococcus~phage~P162,24,7
Enterobacteria~phage~9g,24,7
Mycobacterium~phage~ZoeJ,24,7
Mycobacterium~phage~BarrelRoll,24,7
Microbacterium~phage~vB_MoxS-ISF9,24,7
Rhodococcus~phage~ReqiPine5,24,7
Clavibacter~phage~CN1A,24,7
Rhizobium~phage~vB_RglS_P106B,24,7
Mycobacterium~phage~Saal,24,7
Mycobacterium~phage~Bobi,24,7
Mycobacterium~phage~Hamulus,24,7
Mycobacterium~phage~Jabbawokkie,24,7
Cellulophaga~phage~phi19:1,24,7
Mycobacterium~phage~Job42,24,7
Mycobacterium~phage~SiSi,24,7
Providencia~phage~Redjac,24,7
Streptococcus~phage~Dp-1,24,7
Mycobacterium~phage~Wee,24,7
Clostridium~phage~phiCTP1,24,7
Clavibacter~phage~CMP1,24,7
Lactococcus~phage~1706,24,7
Mycobacterium~phage~Tweety,24,7
Mycobacterium~phage~Llij,24,7
Xanthomonas~phage~Xp15,24,7
Actinoplanes~phage~phiAsp2,24,7
Burkholderia~phage~BcepNazgul,24,7
Enterobacteria~phage~BP-4795,24,7
Lactococcus~phage~AM6,25,7
Arthrobacter~phage~Mufasa8,25,7
Mycobacterium~phage~Cuke,25,7
Mycobacterium~phage~Fowlmouth,25,7
Gordonia~phage~Rickmore,25,7
Gordonia~phage~Duffington,25,7
Gordonia~phage~Kenosha,25,7
Gordonia~phage~Chikenjars,25,7
Gordonia~phage~Gibbin,25,7
Gordonia~phage~Ranch,25,7
Gordonia~phage~Lambo,25,7
Gordonia~phage~Sadboi,25,7
Gordonia~phage~OhMyWard,25,7
Gordonia~phage~Avazak,25,7
Gordonia~phage~Untouchable,25,7
Gordonia~phage~Crocheter,25,7
Gordonia~phage~Yikes,25,7
Bordetella~phage~CN2,25,7
Bordetella~phage~FP1,25,7
Bordetella~phage~MW2,25,7
Microbacterium~phage~Hyperion,25,7
Microbacterium~phage~Squash,25,7
Gordonia~phage~Suzy,25,7
Gordonia~phage~Fryberger,25,7
Gordonia~phage~Ronaldo,25,7
Microbacterium~phage~OneinaGillian,25,7
Arthrobacter~phage~Sonali,25,7
Mycobacterium~virus~TA17a,25,7
Mycobacterium~virus~Pixie,25,7
Pseudomonas~phage~LKO4,25,7
Arthrobacter~phage~Laroye,25,7
Roseobacter~phage~RDJL~Phi~2,25,7
Arthrobacter~phage~Tank,25,7
Mycobacterium~phage~Athena,25,7
Mycobacterium~phage~Spartacus,25,7
Salmonella~phage~SE1~(in:Nonagvirus),25,7
Mycobacterium~phage~Marvin,25,7
Gordonia~phage~Lennon,25,7
Mycobacterium~phage~Godines,25,7
Corynebacterium~phage~C3PO,25,7
Corynebacterium~phage~Darwin,25,7
Corynebacterium~phage~Zion,25,7
Pantoea~phage~vB_PagS_Vid5,25,7
Gordonia~phage~Sour,25,7
Salmonella~phage~BP12C,25,7
Gordonia~phage~Terapin,25,7
Mycobacterium~phage~Gengar,25,7
Achromobacter~phage~phiAxp-2,25,7
Salmonella~phage~37,25,7
Mycobacterium~phage~Vortex,25,7
Mycobacterium~phage~OSmaximus,25,7
Escherichia~phage~slur01,25,7
Mycobacterium~phage~ShedlockHolmes,25,7
Mycobacterium~phage~Kikipoo,25,7
Mycobacterium~phage~Phipps,25,7
Mycobacterium~phage~Kratio,25,7
Streptomyces~phage~SF3,25,7
Mycobacterium~phage~Murucutumbu,25,7
Pseudomonas~phage~PAE1,25,7
Enterobacteria~phage~JenK1,25,7
Enterobacteria~phage~JenP1,25,7
Gordonia~phage~GTE8,25,7
Pseudomonas~phage~YMC11/02/R656,25,7
Mycobacterium~phage~Swish,25,7
Mycobacterium~phage~ShiVal,25,7
Mycobacterium~phage~Pops,25,7
Mycobacterium~phage~Badfish,25,7
Mycobacterium~phage~Colbert,25,7
Mycobacterium~phage~Eremos,25,7
Mycobacterium~phage~Apizium,25,7
Mycobacterium~phage~UncleHowie,25,7
Mycobacterium~phage~Squirty,25,7
Mycobacterium~phage~Sparky,25,7
Mycobacterium~phage~Keshu,25,7
Mycobacterium~phage~Soto,25,7
Mycobacterium~phage~Manad,25,7
Mycobacterium~phage~OkiRoe,25,7
Mycobacterium~phage~Damien,25,7
Listeria~phage~LP-026,25,7
Listeria~phage~LP-114,25,7
Mycobacterium~phage~Hawkeye,25,7
Mycobacterium~phage~MosMoris,25,7
Mycobacterium~phage~Stinger,25,7
Mycobacterium~phage~Akoma,25,7
Mycobacterium~phage~DS6A,25,7
Mycobacterium~phage~Gadjet,25,7
Mycobacterium~virus~Acadian,25,7
Mycobacterium~phage~Dori,25,7
Mycobacterium~phage~Oline,25,7
Mycobacterium~phage~Vista,25,7
Mycobacterium~phage~JacAttac,25,7
Mycobacterium~phage~Suffolk,25,7
Mycobacterium~phage~Oaker,25,7
Mycobacterium~phage~Validus,25,7
Mycobacterium~phage~Bernardo,25,7
Mycobacterium~phage~Dylan,25,7
Mycobacterium~phage~Bane1,25,7
Listeria~phage~LP-110,25,7
Listeria~phage~LP-037,25,7
Mycobacterium~phage~Newman,25,7
Enterobacter~phage~Enc34,25,7
Listeria~phage~P70,25,7
Pseudomonas~phage~MP1412,25,7
Synechococcus~phage~S-CBS4,25,7
Gordonia~phage~GTE5,25,7
Gordonia~phage~GRU1,25,7
Roseobacter~phage~RDJL~Phi~1,25,7
Tsukamurella~phage~TPA2,25,7
Lactococcus~phage~P087,25,7
Mycobacterium~phage~Phlyer,25,7
Stx2-converting~phage~1717,25,7
Mycobacterium~phage~Troll4,25,7
Mycobacterium~phage~Gumball,25,7
Mycobacterium~phage~Konstantine,25,7
Rhizobium~phage~16-3,25,7
Mycobacterium~phage~Phaedrus,25,7
Mycobacterium~phage~Nigel,25,7
Azospirillum~phage~Cd,25,7
Mycobacterium~phage~PBI1,25,7
Mycobacterium~phage~Pipefish,25,7
Mycobacterium~phage~PLot,25,7
Mycobacterium~phage~Qyrzula,25,7
Mycobacterium~phage~Orion,25,7
Mycobacterium~phage~PG1,25,7
Mycobacterium~phage~Rosebush,25,7
Mycobacterium~phage~DrLupo,26,7
Gordonia~phage~Sombrero,26,7
Gordonia~phage~Chelms,26,7
Gordonia~phage~Beaver,26,7
Gordonia~phage~Jellybones,26,7
Mycobacterium~phage~Indlulamithi,26,7
Gordonia~phage~John316,26,7
Lactobacillus~phage~SA-C12,26,7
Lactobacillus~phage~P1,26,7
Gordonia~phage~BirksAndSocks,26,7
Lactobacillus~phage~Lenus,26,7
Gordonia~phage~Flakey,26,7
Lactobacillus~phage~Nyseid,26,7
Lactobacillus~phage~Maenad,26,7
Lactobacillus~phage~ViSo-2018a,26,7
Gordonia~phage~SteveFrench,26,7
Dinoroseobacter~phage~vB_DshS-R5C,26,7
Gordonia~phage~Katyusha,26,7
Tsukamurella~phage~TIN4,26,7
Mycobacterium~phage~SirDuracell,26,7
Mycobacterium~phage~Send513,26,7
Mycobacterium~phage~ChrisnMich,26,7
Mycobacterium~phage~Zemanar,26,7
Gordonia~phage~Hotorobo,26,7
Mycobacterium~phage~Bipper,26,7
Gordonia~phage~Jumbo,26,7
Mycobacterium~phage~Gardann,26,7
Gordonia~phage~Woes,26,7
Gordonia~phage~Kvothe,26,7
Gordonia~phage~Monty,26,7
Gordonia~phage~Demosthenes,26,7
Gordonia~phage~GordDuk1,26,7
Gordonia~phage~GordTnk2,26,7
Mycobacterium~phage~Dusk,26,7
Mycobacterium~phage~Mindy,26,7
Mycobacterium~phage~Snenia,26,7
Mycobacterium~phage~NelitzaMV,26,7
Mycobacterium~phage~Lolly9,26,7
Tsukamurella~phage~TIN2,26,7
Mycobacterium~phage~Archie,26,7
Mycobacterium~phage~Toto,26,7
Mycobacterium~phage~Vincenzo,26,7
Tsukamurella~phage~TIN3,26,7
Mycobacterium~phage~BrownCNA,26,7
Gordonia~phage~Gmala1,26,7
Mycobacterium~phage~Baee,26,7
Gordonia~phage~GMA3,26,7
Gordonia~phage~GMA7,26,7
Lactobacillus~phage~Ldl1,26,7
Mycobacterium~phage~Hosp,26,7
Mycobacterium~phage~Lilac,26,7
Mycobacterium~phage~Patience,26,7
Rhodococcus~phage~ReqiPoco6,26,7
Rhodococcus~phage~ReqiDocB7,26,7
Rhodococcus~phage~ReqiPepy6,26,7
Mycobacterium~phage~JAMaL,26,7
Vibrio~phage~SHOU24,26,7
Mycobacterium~phage~Jolie1,26,7
Mycobacterium~phage~39HC,26,7
Mycobacterium~phage~PhatBacter,26,7
Mycobacterium~phage~Nala,26,7
Mycobacterium~phage~HufflyPuff,26,7
Mycobacterium~phage~Bruin,26,7
Mycobacterium~phage~Adawi,26,7
Mycobacterium~phage~Quink,26,7
Mycobacterium~phage~Goku,26,7
Mycobacterium~phage~Whirlwind,26,7
Mycobacterium~phage~Papyrus,26,7
Mycobacterium~phage~Catdawg,26,7
Mycobacterium~phage~DrDrey,26,7
Mycobacterium~phage~KayaCho,26,7
Mycobacterium~phage~Phelemich,26,7
Mycobacterium~phage~Reprobate,26,7
Mycobacterium~phage~Contagion,26,7
Mycobacterium~phage~Crossroads,26,7
Mycobacterium~phage~Murphy,26,7
Mycobacterium~phage~Dumbo,26,7
Mycobacterium~phage~Phrux,26,7
Mycobacterium~phage~Phaux,26,7
Vibrio~phage~vB_VpaS_MAR10,26,7
Gordonia~phage~GTE7,26,7
Mycobacterium~virus~Faith1,26,7
Synechococcus~phage~S-CBS2,26,7
Mycobacterium~virus~Bron,26,7
Mycobacterium~phage~Predator,26,7
Corynebacterium~phage~P1201,26,7
Mycobacterium~phage~Cooper,26,7
Mycobacterium~phage~Barnyard,26,7
